Region,County,Local Authority,Ethnicity,Ethinic Population,Estimated Positive APOL 1 Cases,,,,,,Local Authority,County,Region,,,,,,,
South East,West Sussex,Adur,Black African,359,46,,,,,,City of London,Greater London,London,,,,,,,
South East,West Sussex,Adur,Black Caribbean,110,14,,,,,,Barnet,Greater London,London,,,,,,,
East Midlands,Derbyshire,Amber Valley,Black Population,329,42,,,,,,Bexley,Greater London,London,,,,,,,
North West,Cumbria,Allerdale,Black African,59,7,,,,,,Brent,Greater London,London,,,,,,,
North West,Cumbria,Allerdale,Black Caribbean,19,2,,,,,,Bromley,Greater London,London,,,,,,,
East Midlands,Nottinghamshire,Ashfield,Black Population,1354,172,,,,,,Camden,Greater London,London,,,,,,,
East Midlands,Derbyshire,Amber Valley,Black African,180,23,,,,,,Croydon,Greater London,London,,,,,,,
East Midlands,Derbyshire,Amber Valley,Black Caribbean,149,19,,,,,,Ealing,Greater London,London,,,,,,,
East Midlands,Nottinghamshire,Bassetlaw,Black Population,580,74,,,,,,Enfield,Greater London,London,,,,,,,
South East,West Sussex,Arun,Black African,500,64,,,,,,Greenwich,Greater London,London,,,,,,,
South East,West Sussex,Arun,Black Caribbean,221,28,,,,,,Hackney,Greater London,London,,,,,,,
East Midlands,Leicestershire,Blaby,Black Population,1420,180,,,,,,Hammersmith and Fulham,Greater London,London,,,,,,,
East Midlands,Nottinghamshire,Ashfield,Black African,959,122,,,,,,Haringey,Greater London,London,,,,,,,
East Midlands,Nottinghamshire,Ashfield,Black Caribbean,395,50,,,,,,Harrow,Greater London,London,,,,,,,
East Midlands,Derbyshire,Bolsover,Black Population,357,45,,,,,,Havering,Greater London,London,,,,,,,
South East,Kent,Ashford,Black African,2504,318,,,,,,Hillingdon,Greater London,London,,,,,,,
South East,Kent,Ashford,Black Caribbean,572,73,,,,,,Hounslow,Greater London,London,,,,,,,
East Midlands,Lincolnshire,Boston,Black Population,414,53,,,,,,Islington,Greater London,London,,,,,,,
East of England,Suffolk,Babergh,Black African,287,36,,,,,,Kensington and Chelsea,Greater London,London,,,,,,,
East of England,Suffolk,Babergh,Black Caribbean,124,16,,,,,,Kingston upon Thames,Greater London,London,,,,,,,
East Midlands,Lincolnshire,Breckland,Black Population,620,79,,,,,,Lambeth,Greater London,London,,,,,,,
London,Greater London,Barking and Dagenham,Black African,35101,4458,,,,,,Lewisham,Greater London,London,,,,,,,
London,Greater London,Barking and Dagenham,Black Caribbean,5824,740,,,,,,Merton,Greater London,London,,,,,,,
East Midlands,Lincolnshire,Broadland,Black Population,569,72,,,,,,Newham,Greater London,London,,,,,,,
London,Greater London,Barnet,Black African,22670,2879,,,,,,Redbridge,Greater London,London,,,,,,,
London,Greater London,Barnet,Black Caribbean,4951,629,,,,,,Richmond upon Thames,Greater London,London,,,,,,,
East Midlands,Nottinghamshire,Broxtowe,Black Population,1651,210,,,,,,Southwark,Greater London,London,,,,,,,
Yorkshire and the Humber,South Yorkshire,Barnsley,Black African,1311,166,,,,,,Sutton,Greater London,London,,,,,,,
Yorkshire and the Humber,South Yorkshire,Barnsley,Black Caribbean,163,21,,,,,,Tower Hamlets,Greater London,London,,,,,,,
East Midlands,Leicestershire,Charnwood,Black Population,2599,330,,,,,,Waltham Forest,Greater London,London,,,,,,,
North West,Cumbria,Barrow-in-Furness,Black African,223,28,,,,,,Wandsworth,Greater London,London,,,,,,,
North West,Cumbria,Barrow-in-Furness,Black Caribbean,14,2,,,,,,Westminster,Greater London,London,,,,,,,
East Midlands,Derbyshire,Chesterfield,Black Population,704,89,,,,,,Bolton,Greater Manchester,North West,,,,,,,
East of England,Essex,Basildon,Black African,6402,813,,,,,,Bury,Greater Manchester,North West,,,,,,,
East of England,Essex,Basildon,Black Caribbean,1279,162,,,,,,Manchester,Greater Manchester,North West,,,,,,,
East Midlands,Derby,Derby,Black Population,9166,1164,,,,,,Oldham,Greater Manchester,North West,,,,,,,
South East,Hampshire,Basingstoke and Deane,Black African,2514,319,,,,,,Rochdale,Greater Manchester,North West,,,,,,,
South East,Hampshire,Basingstoke and Deane,Black Caribbean,680,86,,,,,,Salford,Greater Manchester,North West,,,,,,,
East Midlands,Derbyshire,Derbyshire Dales,Black Population,128,16,,,,,,Stockport,Greater Manchester,North West,,,,,,,
East Midlands,Nottinghamshire,Bassetlaw,Black African,378,48,,,,,,Tameside,Greater Manchester,North West,,,,,,,
East Midlands,Nottinghamshire,Bassetlaw,Black Caribbean,202,26,,,,,,Trafford,Greater Manchester,North West,,,,,,,
East Midlands,Lincolnshire,East Lindsey,Black Population,256,33,,,,,,Wigan,Greater Manchester,North West,,,,,,,
West Midlands,Bath and North East Somerset,Bath and North East Somerset,Black African,980,124,,,,,,Knowsley,Merseyside,North West,,,,,,,
West Midlands,Bath and North East Somerset,Bath and North East Somerset,Black Caribbean,616,78,,,,,,Liverpool,Merseyside,North West,,,,,,,
East Midlands,Derbyshire,Erewash,Black Population,752,96,,,,,,St. Helens,Merseyside,North West,,,,,,,
East of England,Bedford,Bedford,Black African,5448,692,,,,,,Sefton,Merseyside,North West,,,,,,,
East of England,Bedford,Bedford,Black Caribbean,3227,410,,,,,,Wirral,Merseyside,North West,,,,,,,
East Midlands,Nottinghamshire,Gedling,Black Population,2289,291,,,,,,Barnsley,South Yorkshire,Yorkshire and the Humber,,,,,,,
London,Greater London,Bexley,Black African,23262,2954,,,,,,Doncaster,South Yorkshire,Yorkshire and the Humber,,,,,,,
London,Greater London,Bexley,Black Caribbean,3230,410,,,,,,Rotherham,South Yorkshire,Yorkshire and the Humber,,,,,,,
East Midlands,Lincolnshire,Great Yarmouth,Black Population,962,122,,,,,,Sheffield,South Yorkshire,Yorkshire and the Humber,,,,,,,
West Midlands,West Midlands,Birmingham,Black African,66822,8486,,,,,,Gateshead,Tyne and Wear,North East,,,,,,,
West Midlands,West Midlands,Birmingham,Black Caribbean,44718,5679,,,,,,Newcastle upon Tyne,Tyne and Wear,North East,,,,,,,
East Midlands,Leicestershire,Harborough,Black Population,612,78,,,,,,North Tyneside,Tyne and Wear,North East,,,,,,,
East Midlands,Leicestershire,Blaby,Black African,980,124,,,,,,South Tyneside,Tyne and Wear,North East,,,,,,,
East Midlands,Leicestershire,Blaby,Black Caribbean,440,56,,,,,,Sunderland,Tyne and Wear,North East,,,,,,,
East Midlands,Derbyshire,High Peak,Black Population,189,24,,,,,,Birmingham,West Midlands,West Midlands,,,,,,,
North West,Blackburn with Darwen,Blackburn with Darwen,Black African,1061,135,,,,,,Coventry,West Midlands,West Midlands,,,,,,,
North West,Blackburn with Darwen,Blackburn with Darwen,Black Caribbean,170,22,,,,,,Dudley,West Midlands,West Midlands,,,,,,,
East Midlands,Leicestershire,Hinckley and Bosworth,Black Population,610,77,,,,,,Sandwell,West Midlands,West Midlands,,,,,,,
North West,Blackpool,Blackpool,Black African,449,57,,,,,,Solihull,West Midlands,West Midlands,,,,,,,
North West,Blackpool,Blackpool,Black Caribbean,175,22,,,,,,Walsall,West Midlands,West Midlands,,,,,,,
East Midlands,Lincolnshire,King's Lynn and West Norfolk,Black Population,661,84,,,,,,Wolverhampton,West Midlands,West Midlands,,,,,,,
Wales,Blaenau Gwent,Blaenau Gwent,Black African,76,10,,,,,,Bradford,West Yorkshire,Yorkshire and the Humber,,,,,,,
Wales,Blaenau Gwent,Blaenau Gwent,Black Caribbean,29,4,,,,,,Calderdale,West Yorkshire,Yorkshire and the Humber,,,,,,,
East Midlands,Leicester,Leicester,Black Population,26002,3302,,,,,,Kirklees,West Yorkshire,Yorkshire and the Humber,,,,,,,
East Midlands,Derbyshire,Bolsover,Black African,246,31,,,,,,Leeds,West Yorkshire,Yorkshire and the Humber,,,,,,,
East Midlands,Derbyshire,Bolsover,Black Caribbean,111,14,,,,,,Wakefield,West Yorkshire,Yorkshire and the Humber,,,,,,,
East Midlands,Lincolnshire,Lincoln,Black Population,1330,169,,,,,,Hartlepool,Hartlepool,North East,,,,,,,
North West,Greater Manchester,Bolton,Black African,9299,1181,,,,,,Middlesbrough,Middlesbrough,North East,,,,,,,
North West,Greater Manchester,Bolton,Black Caribbean,603,77,,,,,,Redcar and Cleveland,Redcar and Cleveland,North East,,,,,,,
East Midlands,Nottinghamshire,Mansfield,Black Population,1018,129,,,,,,Stockton-on-Tees,Stockton-on-Tees,North East,,,,,,,
East Midlands,Lincolnshire,Boston,Black African,357,45,,,,,,Darlington,Darlington,North East,,,,,,,
East Midlands,Lincolnshire,Boston,Black Caribbean,57,7,,,,,,County Durham,Durham,North East,,,,,,,
East Midlands,Leicestershire,Melton,Black Population,170,22,,,,,,Northumberland,Northumberland,North East,,,,,,,
South West,Dorset,"Bournemouth, Christchurch and Poole",Black African,2833,360,,,,,,Cheshire East,Cheshire East,North West,,,,,,,
South West,Dorset,"Bournemouth, Christchurch and Poole",Black Caribbean,917,116,,,,,,Halton,Halton,North West,,,,,,,
East Midlands,Nottinghamshire,Newark and Sherwood,Black Population,656,83,,,,,,Warrington,Warrington,North West,,,,,,,
South East,Bracknell Forest,Bracknell Forest,Black African,2072,263,,,,,,Cheshire West and Chester,Cheshire West and Chester,North West,,,,,,,
South East,Bracknell Forest,Bracknell Forest,Black Caribbean,554,70,,,,,,Blackburn with Darwen,Blackburn with Darwen,North West,,,,,,,
East Midlands,Derbyshire,North East Derbyshire,Black Population,277,35,,,,,,Blackpool,Blackpool,North West,,,,,,,
Yorkshire and the Humber,West Yorkshire,Bradford,Black African,7061,897,,,,,,"Kingston upon Hull, City of",Kingston upon Hull,Yorkshire and the Humber,,,,,,,
Yorkshire and the Humber,West Yorkshire,Bradford,Black Caribbean,2614,332,,,,,,East Riding of Yorkshire,East Riding of Yorkshire,Yorkshire and the Humber,,,,,,,
East Midlands,Lincolnshire,North Kesteven,Black Population,343,44,,,,,,North East Lincolnshire,North East Lincolnshire,Yorkshire and the Humber,,,,,,,
East of England,Essex,Braintree,Black African,1205,153,,,,,,North East Lincolnshire,North East Lincolnshire,Yorkshire and the Humber,,,,,,,
East of England,Essex,Braintree,Black Caribbean,442,56,,,,,,York,York,Yorkshire and the Humber,,,,,,,
East Midlands,Lincolnshire,North Norfolk,Black Population,155,20,,,,,,Derby,Derby,East Midlands,,,,,,,
East Midlands,Lincolnshire,Breckland,Black African,387,49,,,,,,Leicester,Leicester,East Midlands,,,,,,,
East Midlands,Lincolnshire,Breckland,Black Caribbean,233,30,,,,,,Rutland,Rutland,East Midlands,,,,,,,
East Midlands,North Northamptonshire,North Northamptonshire,Black Population,9362,1189,,,,,,Nottingham,Nottingham,East Midlands,,,,,,,
London,Greater London,Brent,Black African,31070,3946,,,,,,"Herefordshire, County of",Hertfordshire,East of England,,,,,,,
London,Greater London,Brent,Black Caribbean,21258,2700,,,,,,Telford and Wrekin,Telford and Wrekin,West Midlands,,,,,,,
East Midlands,Leicestershire,North West Leicestershire,Black Population,567,72,,,,,,Shropshire,Shropshire,West Midlands,,,,,,,
East of England,Essex,Brentwood,Black African,1164,148,,,,,,Stoke-on-Trent,Stoke-on-Trent,West Midlands,,,,,,,
East of England,Essex,Brentwood,Black Caribbean,368,47,,,,,,Bath and North East Somerset,Bath and North East Somerset,West Midlands,,,,,,,
East Midlands,Lincolnshire,Norwich,Black Population,3202,407,,,,,,"Bristol, City of",Bristol,South West,,,,,,,
Wales,Bridgend,Bridgend,Black African,257,33,,,,,,North Somerset,North Somerset,South West,,,,,,,
Wales,Bridgend,Bridgend,Black Caribbean,98,12,,,,,,South Gloucestershire,South Gloucestershire,South West,,,,,,,
East Midlands,Nottingham,Nottingham,Black Population,28079,3566,,,,,,Cornwall,Cornwall,South West,,,,,,,
South East,Brighton and Hove,Brighton and Hove,Black African,3949,502,,,,,,Isles of Scilly,Isles of Scilly,South West,,,,,,,
South East,Brighton and Hove,Brighton and Hove,Black Caribbean,988,125,,,,,,Plymouth,Plymouth,South West,,,,,,,
East Midlands,Leicestershire,Oadby and Wigston,Black Population,1119,142,,,,,,Torbay,Torbay,South West,,,,,,,
South West,Bristol,"Bristol, City of",Black African,18149,2305,,,,,,Bournemouth,Bournemouth,South West,,,,,,,
South West,Bristol,"Bristol, City of",Black Caribbean,6803,864,,,,,,Poole,Poole,South West,,,,,,,
East Midlands,Nottinghamshire,Rushcliffe,Black Population,972,123,,,,,,Swindon,Swindon,South West,,,,,,,
East Midlands,Lincolnshire,Broadland,Black African,474,60,,,,,,Wiltshire,Wiltshire,South West,,,,,,,
East Midlands,Lincolnshire,Broadland,Black Caribbean,95,12,,,,,,Peterborough,Peterborough,East of England,,,,,,,
East Midlands,Rutland,Rutland,Black Population,464,59,,,,,,Luton,Luton,East of England,,,,,,,
London,Greater London,Bromley,Black African,13193,1676,,,,,,Bedford,Bedford,East of England,,,,,,,
London,Greater London,Bromley,Black Caribbean,8169,1037,,,,,,Central Bedfordshire,Central Bedfordshire,East of England,,,,,,,
East Midlands,Derbyshire,South Derbyshire,Black Population,759,96,,,,,,Southend-on-Sea,Southend-on-Sea,East of England,,,,,,,
West Midlands,Worchestershire,Bromsgrove,Black Caribbean,375,48,,,,,,Thurrock,Thurrock,East of England,,,,,,,
West Midlands,Worchestershire,Bromsgrove,Black African,278,35,,,,,,Medway,Medway,South East,,,,,,,
East Midlands,Lincolnshire,South Holland,Black Population,442,56,,,,,,Bracknell Forest,Bracknell Forest,South East,,,,,,,
East of England,Hertfordshire,Broxbourne,Black African,3802,483,,,,,,West Berkshire,West Berkshire,South East,,,,,,,
East of England,Hertfordshire,Broxbourne,Black Caribbean,1966,250,,,,,,Reading,Reading,South East,,,,,,,
East Midlands,Lincolnshire,South Kesteven,Black Population,774,98,,,,,,Slough,Slough,South East,,,,,,,
East Midlands,Nottinghamshire,Broxtowe,Black African,1129,143,,,,,,Windsor and Maidenhead,Windsor and Maidenhead,South East,,,,,,,
East Midlands,Nottinghamshire,Broxtowe,Black Caribbean,522,66,,,,,,Wokingham,Wokingham,South East,,,,,,,
East Midlands,Lincolnshire,South Norfolk,Black Population,1029,131,,,,,,Milton Keynes,Milton Keynes,South East,,,,,,,
South East,Buckinghamshire,Buckinghamshire,Black African,6811,865,,,,,,Brighton and Hove,Brighton and Hove,South East,,,,,,,
South East,Buckinghamshire,Buckinghamshire,Black Caribbean,5668,720,,,,,,Portsmouth,Portsmouth,South East,,,,,,,
East Midlands,Lincolnshire,West Lindsey,Black Population,289,37,,,,,,Southampton,Southampton,South East,,,,,,,
North West,Lancashire,Burnley,Black African,180,23,,,,,,Isle of Wight,Isle of Wight,South East,,,,,,,
North West,Lancashire,Burnley,Black Caribbean,95,12,,,,,,Aylesbury Vale,Buckinghamshire,South East,,,,,,,
East Midlands,West Northamptonshire,West Northamptonshire,Black Population,17951,2280,,,,,,Chiltern,Buckinghamshire,South East,,,,,,,
North West,Greater Manchester,Bury,Black African,2520,320,,,,,,South Bucks,Buckinghamshire,South East,,,,,,,
North West,Greater Manchester,Bury,Black Caribbean,701,89,,,,,,Wycombe,Buckinghamshire,South East,,,,,,,
East of England,Suffolk,Babergh,Black Population,411,52,,,,,,Cambridge,Cambridgeshire,East of England,,,,,,,
Wales,Coerphilly,Caerphilly,Black African,129,16,,,,,,East Cambridgeshire,Cambridgeshire,East of England,,,,,,,
Wales,Coerphilly,Caerphilly,Black Caribbean,93,12,,,,,,Fenland,Cambridgeshire,East of England,,,,,,,
East of England,Essex,Basildon,Black Population,7681,975,,,,,,Huntingdonshire,Cambridgeshire,East of England,,,,,,,
Yorkshire and the Humber,West Yorkshire,Calderdale,Black African,847,108,,,,,,South Cambridgeshire,Cambridgeshire,East of England,,,,,,,
Yorkshire and the Humber,West Yorkshire,Calderdale,Black Caribbean,400,51,,,,,,Allerdale,Cumbria,North West,,,,,,,
East of England,Bedford,Bedford,Black Population,8675,1102,,,,,,Barrow-in-Furness,Cumbria,North West,,,,,,,
East of England,Cambridgeshire,Cambridge,Black African,2519,320,,,,,,Carlisle,Cumbria,North West,,,,,,,
East of England,Cambridgeshire,Cambridge,Black Caribbean,639,81,,,,,,Copeland,Cumbria,North West,,,,,,,
East of England,Essex,Braintree,Black Population,1647,209,,,,,,Eden,Cumbria,North West,,,,,,,
London,Greater London,Camden,Black African,14191,1802,,,,,,South Lakeland,Cumbria,North West,,,,,,,
London,Greater London,Camden,Black Caribbean,2703,343,,,,,,Amber Valley,Derbyshire,East Midlands,,,,,,,
East of England,Essex,Brentwood,Black Population,1532,195,,,,,,Bolsover,Derbyshire,East Midlands,,,,,,,
West Midlands,Staffordshire,Cannock Chase,Black Caribbean,212,27,,,,,,Chesterfield,Derbyshire,East Midlands,,,,,,,
West Midlands,Staffordshire,Cannock Chase,Black African,194,25,,,,,,Derbyshire Dales,Derbyshire,East Midlands,,,,,,,
East of England,Hertfordshire,Broxbourne,Black Population,5768,733,,,,,,Erewash,Derbyshire,East Midlands,,,,,,,
South East,Kent,Canterbury,Black African,2928,372,,,,,,High Peak,Derbyshire,East Midlands,,,,,,,
South East,Kent,Canterbury,Black Caribbean,647,82,,,,,,North East Derbyshire,Derbyshire,East Midlands,,,,,,,
East of England,Cambridgeshire,Cambridge,Black Population,3158,401,,,,,,South Derbyshire,Derbyshire,East Midlands,,,,,,,
Wales,Cardiff,Cardiff,Black African,10587,1345,,,,,,East Devon,Devon,South West,,,,,,,
Wales,Cardiff,Cardiff,Black Caribbean,1350,171,,,,,,Exeter,Devon,South West,,,,,,,
East of England,Essex,Castle Point,Black Population,1017,129,,,,,,Mid Devon,Devon,South West,,,,,,,
North West,Cumbria,Carlisle,Black African,273,35,,,,,,North Devon,Devon,South West,,,,,,,
North West,Cumbria,Carlisle,Black Caribbean,42,5,,,,,,South Hams,Devon,South West,,,,,,,
East of England,Central Bedfordshire,Central Bedfordshire,Black Population,6090,773,,,,,,Teignbridge,Devon,South West,,,,,,,
Wales,Carmarthenshire,Carmarthenshire,Black African,248,31,,,,,,Torridge,Devon,South West,,,,,,,
Wales,Carmarthenshire,Carmarthenshire,Black Caribbean,138,18,,,,,,West Devon,Devon,South West,,,,,,,
East of England,Essex,Chelmsford,Black Population,4169,529,,,,,,Christchurch,Dorset,South West,,,,,,,
East of England,Essex,Castle Point,Black African,827,105,,,,,,East Dorset,Dorset,South West,,,,,,,
East of England,Essex,Castle Point,Black Caribbean,190,24,,,,,,East Dorset,Dorset,South West,,,,,,,
East of England,Essex,Colchester,Black Population,5865,745,,,,,,Purbeck,Dorset,South West,,,,,,,
East of England,Central Bedfordshire,Central Bedfordshire,Black African,3942,501,,,,,,West Dorset,Dorset,South West,,,,,,,
East of England,Central Bedfordshire,Central Bedfordshire,Black Caribbean,2148,273,,,,,,Weymouth and Portland,Dorset,South West,,,,,,,
East of England,Hertfordshire,Dacorum,Black Population,3845,488,,,,,,Eastbourne,East Sussex,South East,,,,,,,
Wales,Ceredigion,Ceredigion,Black African,252,32,,,,,,Hastings,East Sussex,South East,,,,,,,
Wales,Ceredigion,Ceredigion,Black Caribbean,74,9,,,,,,Lewes,East Sussex,South East,,,,,,,
East of England,Cambridgeshire,East Cambridgeshire,Black Population,579,74,,,,,,Rother,East Sussex,South East,,,,,,,
East Midlands,Leicestershire,Charnwood,Black African,2081,264,,,,,,Wealden,East Sussex,South East,,,,,,,
East Midlands,Leicestershire,Charnwood,Black Caribbean,518,66,,,,,,Basildon,Essex,East of England,,,,,,,
East of England,Hertfordshire,East Hertfordshire,Black Population,1702,216,,,,,,Braintree,Essex,East of England,,,,,,,
East of England,Essex,Chelmsford,Black African,3373,428,,,,,,Brentwood,Essex,East of England,,,,,,,
East of England,Essex,Chelmsford,Black Caribbean,796,101,,,,,,Castle Point,Essex,East of England,,,,,,,
East of England,Suffolk,East Suffolk,Black Population,1134,144,,,,,,Chelmsford,Essex,East of England,,,,,,,
South West,Gloucestershire,Cheltenham,Black African,813,103,,,,,,Colchester,Essex,East of England,,,,,,,
South West,Gloucestershire,Cheltenham,Black Caribbean,217,28,,,,,,Epping Forest,Essex,East of England,,,,,,,
East of England,Essex,Epping Forest,Black Population,3379,429,,,,,,Harlow,Essex,East of England,,,,,,,
South East,Oxfordshire,Cherwell,Black African,1731,220,,,,,,Maldon,Essex,East of England,,,,,,,
South East,Oxfordshire,Cherwell,Black Caribbean,690,88,,,,,,Rochford,Essex,East of England,,,,,,,
East of England,Cambridgeshire,Fenland,Black Population,678,86,,,,,,Tendring,Essex,East of England,,,,,,,
North West,Cheshire East,Cheshire East,Black African,1472,187,,,,,,Uttlesford,Essex,East of England,,,,,,,
North West,Cheshire East,Cheshire East,Black Caribbean,608,77,,,,,,Cheltenham,Gloucestershire,South West,,,,,,,
East of England,Essex,Harlow,Black Population,5065,643,,,,,,Cotswold,Gloucestershire,South West,,,,,,,
North West,Cheshire West and Chester,Cheshire West and Chester,Black African,1515,192,,,,,,Forest of Dean,Gloucestershire,South West,,,,,,,
North West,Cheshire West and Chester,Cheshire West and Chester,Black Caribbean,373,47,,,,,,Gloucester,Gloucestershire,South West,,,,,,,
East of England,Hertfordshire,"Herefordshire, County of",Black Population,490,62,,,,,,Stroud,Gloucestershire,South West,,,,,,,
East Midlands,Derbyshire,Chesterfield,Black African,444,56,,,,,,Tewkesbury,Gloucestershire,South West,,,,,,,
East Midlands,Derbyshire,Chesterfield,Black Caribbean,260,33,,,,,,Basingstoke and Deane,Hampshire,South East,,,,,,,
East of England,Hertfordshire,Hertsmere,Black Population,4603,585,,,,,,East Hampshire,Hampshire,South East,,,,,,,
South East,West Sussex,Chichester,Black African,453,58,,,,,,Eastleigh,Hampshire,South East,,,,,,,
South East,West Sussex,Chichester,Black Caribbean,218,28,,,,,,Fareham,Hampshire,South East,,,,,,,
East of England,Cambridgeshire,Huntingdonshire,Black Population,2249,286,,,,,,Gosport,Hampshire,South East,,,,,,,
North West,Lancashire,Chorley,Black African,308,39,,,,,,Hart,Hampshire,South East,,,,,,,
North West,Lancashire,Chorley,Black Caribbean,247,31,,,,,,Havant,Hampshire,South East,,,,,,,
East of England,Suffolk,Ipswich,Black Population,3991,507,,,,,,New Forest,Hampshire,South East,,,,,,,
London,Greater London,City of London,Black African,153,19,,,,,,Rushmoor,Hampshire,South East,,,,,,,
London,Greater London,City of London,Black Caribbean,54,7,,,,,,Test Valley,Hampshire,South East,,,,,,,
East of England,Luton,Luton,Black Population,19990,2539,,,,,,Winchester,Hampshire,East of England,,,,,,,
East of England,Essex,Colchester,Black African,4904,623,,,,,,Broxbourne,Hertfordshire,East of England,,,,,,,
East of England,Essex,Colchester,Black Caribbean,961,122,,,,,,Dacorum,Hertfordshire,East of England,,,,,,,
East of England,Essex,Maldon,Black Population,195,25,,,,,,East Hertfordshire,Hertfordshire,East of England,,,,,,,
Wales,Conwy,Conwy,Black African,162,21,,,,,,Hertsmere,Hertfordshire,East of England,,,,,,,
Wales,Conwy,Conwy,Black Caribbean,60,8,,,,,,North Hertfordshire,Hertfordshire,East of England,,,,,,,
East of England,Suffolk,Mid Suffolk,Black Population,440,56,,,,,,St Albans,Hertfordshire,East of England,,,,,,,
North West,Cumbria,Copeland,Black African,141,18,,,,,,Stevenage,Hertfordshire,East of England,,,,,,,
North West,Cumbria,Copeland,Black Caribbean,34,4,,,,,,Three Rivers,Hertfordshire,East of England,,,,,,,
East of England,Hertfordshire,North Hertfordshire,Black Population,2789,354,,,,,,Watford,Hertfordshire,East of England,,,,,,,
South West,Cornwall,Cornwall,Black African,574,73,,,,,,Welwyn Hatfield,Hertfordshire,East of England,,,,,,,
South West,Cornwall,Cornwall,Black Caribbean,302,38,,,,,,Ashford,Kent,South East,,,,,,,
East of England,Peterborough,Peterborough,Black Population,7644,971,,,,,,Canterbury,Kent,South East,,,,,,,
South West,Gloucestershire,Cotswold,Black African,261,33,,,,,,Dartford,Kent,South East,,,,,,,
South West,Gloucestershire,Cotswold,Black Caribbean,78,10,,,,,,Dover,Kent,South East,,,,,,,
East of England,Essex,Rochford,Black Population,542,69,,,,,,Gravesham,Kent,South East,,,,,,,
North East,Durham,County Durham,Black African,1202,153,,,,,,Maidstone,Kent,South East,,,,,,,
North East,Durham,County Durham,Black Caribbean,284,36,,,,,,Sevenoaks,Kent,South East,,,,,,,
East of England,Cambridgeshire,South Cambridgeshire,Black Population,1772,225,,,,,,Shepway,Kent,South East,,,,,,,
West Midlands,West Midlands,Coventry,Black African,24109,3062,,,,,,Swale,Kent,South East,,,,,,,
West Midlands,West Midlands,Coventry,Black Caribbean,3459,439,,,,,,Thanet,Kent,South East,,,,,,,
East of England,Southend-on-Sea,Southend-on-Sea,Black Population,4429,562,,,,,,Tonbridge and Malling,Kent,South East,,,,,,,
Yorkshire and the Humber,North Yorkshire,Craven,Black African,47,6,,,,,,Tunbridge Wells,Kent,South East,,,,,,,
Yorkshire and the Humber,North Yorkshire,Craven,Black Caribbean,22,3,,,,,,Burnley,Lancashire,North West,,,,,,,
East of England,Hertfordshire,St Albans,Black Population,2726,346,,,,,,Chorley,Lancashire,North West,,,,,,,
South East,West Sussex,Crawley,Black African,3296,419,,,,,,Fylde,Lancashire,North West,,,,,,,
South East,West Sussex,Crawley,Black Caribbean,683,87,,,,,,Hyndburn,Lancashire,North West,,,,,,,
East of England,Hertfordshire,Stevenage,Black Population,3790,481,,,,,,Lancaster,Lancashire,North West,,,,,,,
London,Greater London,Croydon,Black African,40219,5108,,,,,,Pendle,Lancashire,North West,,,,,,,
London,Greater London,Croydon,Black Caribbean,36108,4586,,,,,,Preston,Lancashire,North West,,,,,,,
East of England,Essex,Tendring,Black Population,777,99,,,,,,Ribble Valley,Lancashire,North West,,,,,,,
East of England,Hertfordshire,Dacorum,Black African,2822,358,,,,,,Rossendale,Lancashire,North West,,,,,,,
East of England,Hertfordshire,Dacorum,Black Caribbean,1023,130,,,,,,South Ribble,Lancashire,North West,,,,,,,
East of England,Hertfordshire,Three Rivers,Black Population,1981,252,,,,,,West Lancashire,Lancashire,North West,,,,,,,
North East,Darlington,Darlington,Black African,456,58,,,,,,Wyre,Lancashire,North West,,,,,,,
North East,Darlington,Darlington,Black Caribbean,135,17,,,,,,Blaby,Leicestershire,East Midlands,,,,,,,
East of England,Thurrock,Thurrock,Black Population,18345,2330,,,,,,Charnwood,Leicestershire,East Midlands,,,,,,,
South East,Kent,Dartford,Black African,9812,1246,,,,,,Harborough,Leicestershire,East Midlands,,,,,,,
South East,Kent,Dartford,Black Caribbean,1141,145,,,,,,Hinckley and Bosworth,Leicestershire,East Midlands,,,,,,,
East of England,Essex,Uttlesford,Black Population,584,74,,,,,,Melton,Leicestershire,East Midlands,,,,,,,
Wales,Denbighshire,Denbighshire,Black African,179,23,,,,,,North West Leicestershire,Leicestershire,East Midlands,,,,,,,
Wales,Denbighshire,Denbighshire,Black Caribbean,44,6,,,,,,Oadby and Wigston,Leicestershire,East Midlands,,,,,,,
East of England,Hertfordshire,Watford,Black Population,5687,722,,,,,,Boston,Lincolnshire,East Midlands,,,,,,,
East Midlands,Derby,Derby,Black African,6110,776,,,,,,East Lindsey,Lincolnshire,East Midlands,,,,,,,
East Midlands,Derby,Derby,Black Caribbean,3056,388,,,,,,Lincoln,Lincolnshire,East Midlands,,,,,,,
East of England,Hertfordshire,Welwyn Hatfield,Black Population,6622,841,,,,,,North Kesteven,Lincolnshire,East Midlands,,,,,,,
East Midlands,Derbyshire,Derbyshire Dales,Black Caribbean,71,9,,,,,,South Holland,Lincolnshire,East Midlands,,,,,,,
East Midlands,Derbyshire,Derbyshire Dales,Black African,57,7,,,,,,South Kesteven,Lincolnshire,East Midlands,,,,,,,
East of England,Suffolk,West Suffolk,Black Population,1873,238,,,,,,West Lindsey,Lincolnshire,East Midlands,,,,,,,
Yorkshire and the Humber,South Yorkshire,Doncaster,Black African,2527,321,,,,,,Breckland,Lincolnshire,East Midlands,,,,,,,
Yorkshire and the Humber,South Yorkshire,Doncaster,Black Caribbean,672,85,,,,,,Broadland,Lincolnshire,East Midlands,,,,,,,
East of England,Hampshire,Winchester,Black Population,698,89,,,,,,Great Yarmouth,Lincolnshire,East Midlands,,,,,,,
South West,Dorset,Dorset,Black African,605,77,,,,,,King's Lynn and West Norfolk,Lincolnshire,East Midlands,,,,,,,
South West,Dorset,Dorset,Black Caribbean,296,38,,,,,,North Norfolk,Lincolnshire,East Midlands,,,,,,,
London,Greater London,Barking and Dagenham,Black Population,40925,5197,,,,,,Norwich,Lincolnshire,East Midlands,,,,,,,
South East,Kent,Dover,Black African,546,69,,,,,,South Norfolk,Lincolnshire,East Midlands,,,,,,,
South East,Kent,Dover,Black Caribbean,176,22,,,,,,Corby,Northampton,East Midlands,,,,,,,
London,Greater London,Barnet,Black Population,27621,3508,,,,,,Daventry,Northampton,East Midlands,,,,,,,
West Midlands,West Midlands,Dudley,Black Caribbean,3625,460,,,,,,East Northamptonshire,Northampton,East Midlands,,,,,,,
West Midlands,West Midlands,Dudley,Black African,3499,444,,,,,,Kettering,Northampton,East Midlands,,,,,,,
London,Greater London,Bexley,Black Population,26492,3364,,,,,,Northampton,Northampton,East Midlands,,,,,,,
London,Greater London,Ealing,Black African,22578,2867,,,,,,South Northamptonshire,Northampton,East Midlands,,,,,,,
London,Greater London,Ealing,Black Caribbean,12898,1638,,,,,,Wellingborough,Northampton,East Midlands,,,,,,,
London,Greater London,Brent,Black Population,52328,6646,,,,,,Craven,North Yorkshire,Yorkshire and the Humber,,,,,,,
East of England,Cambridgeshire,East Cambridgeshire,Black African,460,58,,,,,,Hambleton,North Yorkshire,Yorkshire and the Humber,,,,,,,
East of England,Cambridgeshire,East Cambridgeshire,Black Caribbean,119,15,,,,,,Harrogate,North Yorkshire,Yorkshire and the Humber,,,,,,,
London,Greater London,Bromley,Black Population,21362,2713,,,,,,Richmondshire,North Yorkshire,Yorkshire and the Humber,,,,,,,
South West,Devon,East Devon,Black African,202,26,,,,,,Ryedale,North Yorkshire,Yorkshire and the Humber,,,,,,,
South West,Devon,East Devon,Black Caribbean,99,13,,,,,,Scarborough,North Yorkshire,Yorkshire and the Humber,,,,,,,
London,Greater London,Camden,Black Population,16894,2146,,,,,,Selby,North Yorkshire,Yorkshire and the Humber,,,,,,,
South East,Hampshire,East Hampshire,Black African,446,57,,,,,,Ashfield,Nottinghamshire,East Midlands,,,,,,,
South East,Hampshire,East Hampshire,Black Caribbean,134,17,,,,,,Bassetlaw,Nottinghamshire,East Midlands,,,,,,,
London,Greater London,City of London,Black Population,207,26,,,,,,Broxtowe,Nottinghamshire,East Midlands,,,,,,,
East of England,Hertfordshire,East Hertfordshire,Black African,1206,153,,,,,,Gedling,Nottinghamshire,East Midlands,,,,,,,
East of England,Hertfordshire,East Hertfordshire,Black Caribbean,496,63,,,,,,Mansfield,Nottinghamshire,East Midlands,,,,,,,
London,Greater London,Croydon,Black Population,76327,9694,,,,,,Newark and Sherwood,Nottinghamshire,East Midlands,,,,,,,
East Midlands,Lincolnshire,East Lindsey,Black African,148,19,,,,,,Rushcliffe,Nottinghamshire,East Midlands,,,,,,,
East Midlands,Lincolnshire,East Lindsey,Black Caribbean,108,14,,,,,,Cherwell,Oxfordshire,South East,,,,,,,
London,Greater London,Ealing,Black Population,35476,4505,,,,,,Oxford,Oxfordshire,South East,,,,,,,
Yorkshire and the Humber,East Riding of Yorkshire,East Riding of Yorkshire,Black African,617,78,,,,,,South Oxfordshire,Oxfordshire,South East,,,,,,,
Yorkshire and the Humber,East Riding of Yorkshire,East Riding of Yorkshire,Black Caribbean,173,22,,,,,,Vale of White Horse,Oxfordshire,South East,,,,,,,
London,Greater London,Enfield,Black Population,53453,6789,,,,,,West Oxfordshire,Oxfordshire,South East,,,,,,,
West Midlands,Staffordshire,East Staffordshire,Black African,713,91,,,,,,Mendip,Somerset,South West,,,,,,,
West Midlands,Staffordshire,East Staffordshire,Black Caribbean,487,62,,,,,,Sedgemoor,Somerset,South West,,,,,,,
London,Greater London,Greenwich,Black Population,52909,6719,,,,,,South Somerset,Somerset,South West,,,,,,,
East of England,Suffolk,East Suffolk,Black African,712,90,,,,,,Taunton Deane,Somerset,South West,,,,,,,
East of England,Suffolk,East Suffolk,Black Caribbean,422,54,,,,,,West Somerset,Somerset,South West,,,,,,,
London,Greater London,Hackney,Black Population,47381,6017,,,,,,Cannock Chase,Staffordshire,West Midlands,,,,,,,
South East,East Sussex,Eastbourne,Black African,883,112,,,,,,East Staffordshire,Staffordshire,West Midlands,,,,,,,
South East,East Sussex,Eastbourne,Black Caribbean,259,33,,,,,,Lichfield,Staffordshire,West Midlands,,,,,,,
London,Greater London,Hammersmith and Fulham,Black Population,19869,2523,,,,,,Newcastle-under-Lyme,Staffordshire,West Midlands,,,,,,,
South East,Hampshire,Eastleigh,Black African,949,121,,,,,,South Staffordshire,Staffordshire,West Midlands,,,,,,,
South East,Hampshire,Eastleigh,Black Caribbean,179,23,,,,,,Stafford,Staffordshire,West Midlands,,,,,,,
London,Greater London,Haringey,Black Population,41194,5232,,,,,,Staffordshire Moorlands,Staffordshire,West Midlands,,,,,,,
North West,Cumbria,Eden,Black African,50,6,,,,,,Tamworth,Staffordshire,West Midlands,,,,,,,
North West,Cumbria,Eden,Black Caribbean,27,3,,,,,,Babergh,Suffolk,East of England,,,,,,,
London,Greater London,Harrow,Black Population,17098,2171,,,,,,Forest Heath,Suffolk,East of England,,,,,,,
South East,Surrey,Elmbridge,Black African,1135,144,,,,,,Ipswich,Suffolk,East of England,,,,,,,
South East,Surrey,Elmbridge,Black Caribbean,388,49,,,,,,Mid Suffolk,Suffolk,East of England,,,,,,,
London,Greater London,Havering,Black Population,18970,2409,,,,,,St Edmundsbury,Suffolk,East of England,,,,,,,
London,Greater London,Enfield,Black African,36463,4631,,,,,,Suffolk Coastal,Suffolk,East of England,,,,,,,
London,Greater London,Enfield,Black Caribbean,16990,2158,,,,,,Waveney,Suffolk,East of England,,,,,,,
London,Greater London,Hillingdon,Black Population,21596,2743,,,,,,Elmbridge,Surrey,South East,,,,,,,
East of England,Essex,Epping Forest,Black African,1941,247,,,,,,Epsom and Ewell,Surrey,South East,,,,,,,
East of England,Essex,Epping Forest,Black Caribbean,1438,183,,,,,,Guildford,Surrey,South East,,,,,,,
London,Greater London,Hounslow,Black Population,18468,2345,,,,,,Mole Valley,Surrey,South East,,,,,,,
South East,Surrey,Epsom and Ewell,Black African,970,123,,,,,,Reigate and Banstead,Surrey,South East,,,,,,,
South East,Surrey,Epsom and Ewell,Black Caribbean,353,45,,,,,,Runnymede,Surrey,South East,,,,,,,
London,Greater London,Islington,Black Population,25459,3233,,,,,,Spelthorne,Surrey,South East,,,,,,,
East Midlands,Derbyshire,Erewash,Black Caribbean,405,51,,,,,,Surrey Heath,Surrey,South East,,,,,,,
East Midlands,Derbyshire,Erewash,Black African,347,44,,,,,,Tandridge,Surrey,South East,,,,,,,
London,Greater London,Kensington and Chelsea,Black Population,10181,1293,,,,,,Waverley,Surrey,South East,,,,,,,
South West,Devon,Exeter,Black African,893,113,,,,,,Woking,Surrey,South East,,,,,,,
South West,Devon,Exeter,Black Caribbean,137,17,,,,,,North Warwickshire,Warwickshire,West Midlands,,,,,,,
London,Greater London,Kingston upon Thames,Black Population,4186,532,,,,,,Nuneaton and Bedworth,Warwickshire,West Midlands,,,,,,,
South East,Hampshire,Fareham,Black African,403,51,,,,,,Rugby,Warwickshire,West Midlands,,,,,,,
South East,Hampshire,Fareham,Black Caribbean,181,23,,,,,,Stratford-on-Avon,Warwickshire,West Midlands,,,,,,,
London,Greater London,Lambeth,Black Population,66350,8426,,,,,,Warwick,Warwickshire,West Midlands,,,,,,,
East of England,Cambridgeshire,Fenland,Black African,455,58,,,,,,Adur,West Sussex,South East,,,,,,,
East of England,Cambridgeshire,Fenland,Black Caribbean,223,28,,,,,,Arun,West Sussex,South East,,,,,,,
London,Greater London,Lewisham,Black Population,69717,8854,,,,,,Chichester,West Sussex,South East,,,,,,,
Wales,Flintshire,Flintshire,Black African,174,22,,,,,,Crawley,West Sussex,South East,,,,,,,
Wales,Flintshire,Flintshire,Black Caribbean,62,8,,,,,,Horsham,West Sussex,South East,,,,,,,
London,Greater London,Merton,Black Population,19850,2521,,,,,,Mid Sussex,West Sussex,South East,,,,,,,
South East,Kent,Folkestone and Hythe,Black African,385,49,,,,,,Worthing,West Sussex,South East,,,,,,,
South East,Kent,Folkestone and Hythe,Black Caribbean,203,26,,,,,,Bromsgrove,Worchestershire,West Midlands,,,,,,,
London,Greater London,Newham,Black Population,54460,6916,,,,,,Malvern Hills,Worchestershire,West Midlands,,,,,,,
South West,Gloucestershire,Forest of Dean,Black African,117,15,,,,,,Redditch,Worchestershire,West Midlands,,,,,,,
South West,Gloucestershire,Forest of Dean,Black Caribbean,82,10,,,,,,Worcester,Worchestershire,West Midlands,,,,,,,
London,Greater London,Redbridge,Black Population,23025,2924,,,,,,Wychavon,Worchestershire,West Midlands,,,,,,,
North West,Lancashire,Fylde,Black African,189,24,,,,,,Wyre Forest,Worchestershire,West Midlands,,,,,,,
North West,Lancashire,Fylde,Black Caribbean,66,8,,,,,,Ceredigion,Ceredigion,Wales,,,,,,,
London,Greater London,Richmond upon Thames,Black Population,3196,406,,,,,,Cardiff,Cardiff,Wales,,,,,,,
North East,Tyne and Wear,Gateshead,Black African,1852,235,,,,,,Carmarthenshire,Carmarthenshire,Wales,,,,,,,
North East,Tyne and Wear,Gateshead,Black Caribbean,109,14,,,,,,Conwy,Conwy,Wales,,,,,,,
London,Greater London,Southwark,Black Population,66476,8442,,,,,,Denbighshire,Denbighshire,Wales,,,,,,,
East Midlands,Nottinghamshire,Gedling,Black Caribbean,1263,160,,,,,,Dorset,Dorset,South West,,,,,,,
East Midlands,Nottinghamshire,Gedling,Black African,1026,130,,,,,,East Suffolk,Suffolk,East of England,,,,,,,
London,Greater London,Sutton,Black Population,10891,1383,,,,,,Wrexham,Wrexham,Wales,,,,,,,
South West,Gloucestershire,Gloucester,Black African,2149,273,,,,,,Flintshire,Flintshire,Wales,,,,,,,
South West,Gloucestershire,Gloucester,Black Caribbean,1912,243,,,,,,Folkestone and Hythe,Kent,South East,,,,,,,
London,Greater London,Tower Hamlets,Black Population,20303,2578,,,,,,Gwynedd,Gwynedd,Wales,,,,,,,
South East,Hampshire,Gosport,Black African,439,56,,,,,,West Suffolk,Suffolk,East of England,,,,,,,
South East,Hampshire,Gosport,Black Caribbean,405,51,,,,,,Isle of Anglesey,Isle of Anglesey,Wales,,,,,,,
London,Greater London,Waltham Forest,Black Population,36346,4616,,,,,,Merthyr Tydfil,Merthyr Tydfil,Wales,,,,,,,
South East,Kent,Gravesham,Black African,5235,665,,,,,,Monmouthshire,Monmouthshire,Wales,,,,,,,
South East,Kent,Gravesham,Black Caribbean,847,108,,,,,,Neath Port Talbot,Neath Port Talbot,Wales,,,,,,,
London,Greater London,Wandsworth,Black Population,28686,3643,,,,,,Newport,Newport,Wales,,,,,,,
East Midlands,Lincolnshire,Great Yarmouth,Black African,857,109,,,,,,North Lincolnshire,North Lincolnshire,Yorkshire and the Humber,,,,,,,
East Midlands,Lincolnshire,Great Yarmouth,Black Caribbean,105,13,,,,,,North Northamptonshire,North Northamptonshire,East Midlands,,,,,,,
London,Greater London,Westminster,Black Population,14758,1874,,,,,,Pembrokeshire,Pembrokeshire,Wales,,,,,,,
London,Greater London,Greenwich,Black African,44185,5611,,,,,,West Northamptonshire,West Northamptonshire,East Midlands,,,,,,,
London,Greater London,Greenwich,Black Caribbean,8724,1108,,,,,,Powys,Powys,Wales,,,,,,,
North East,Durham,County Durham,Black Population,1486,189,,,,,,Vale of Glamorgan,Vale of Glamorgan,Wales,,,,,,,
South East,Surrey,Guildford,Black African,1531,194,,,,,,Torfaen,Torfaen,Wales,,,,,,,
South East,Surrey,Guildford,Black Caribbean,357,45,,,,,,Swansea,Swansea,Wales,,,,,,,
North East,Darlington,Darlington,Black Population,591,75,,,,,,Somerset West and Taunton,Somerset,South West,,,,,,,
Wales,Gwynedd,Gwynedd,Black African,373,47,,,,,,Rhondda Cynon Taf,Rhondda Cynon Taf,Wales,,,,,,,
Wales,Gwynedd,Gwynedd,Black Caribbean,82,10,,,,,,,,,,,,,,,
North East,Tyne and Wear,Gateshead,Black Population,1961,249,,,,,,,,,,,,,,,
London,Greater London,Hackney,Black African,29478,3744,,,,,,,,,,,,,,,
London,Greater London,Hackney,Black Caribbean,17903,2274,,,,,,,,,,,,,,,
North East,Hartlepool,Hartlepool,Black Population,384,49,,,,,,,,,,,,,,,
North West,Halton,Halton,Black African,293,37,,,,,,,,,,,,,,,
North West,Halton,Halton,Black Caribbean,84,11,,,,,,,,,,,,,,,
North East,Middlesbrough,Middlesbrough,Black Population,3501,445,,,,,,,,,,,,,,,
Yorkshire and the Humber,North Yorkshire,Hambleton,Black African,122,15,,,,,,,,,,,,,,,
Yorkshire and the Humber,North Yorkshire,Hambleton,Black Caribbean,56,7,,,,,,,,,,,,,,,
North East,Tyne and Wear,Newcastle upon Tyne,Black Population,8895,1130,,,,,,,,,,,,,,,
London,Greater London,Hammersmith and Fulham,Black African,13243,1682,,,,,,,,,,,,,,,
London,Greater London,Hammersmith and Fulham,Black Caribbean,6626,842,,,,,,,,,,,,,,,
North East,Tyne and Wear,North Tyneside,Black Population,1122,142,,,,,,,,,,,,,,,
East Midlands,Leicestershire,Harborough,Black African,411,52,,,,,,,,,,,,,,,
East Midlands,Leicestershire,Harborough,Black Caribbean,201,26,,,,,,,,,,,,,,,
North East,Northumberland,Northumberland,Black Population,524,67,,,,,,,,,,,,,,,
London,Greater London,Haringey,Black African,24855,3157,,,,,,,,,,,,,,,
London,Greater London,Haringey,Black Caribbean,16339,2075,,,,,,,,,,,,,,,
North East,Redcar and Cleveland,Redcar and Cleveland,Black Population,230,29,,,,,,,,,,,,,,,
East of England,Essex,Harlow,Black African,4156,528,,,,,,,,,,,,,,,
East of England,Essex,Harlow,Black Caribbean,909,115,,,,,,,,,,,,,,,
North East,Tyne and Wear,South Tyneside,Black Population,684,87,,,,,,,,,,,,,,,
Yorkshire and the Humber,North Yorkshire,Harrogate,Black African,688,87,,,,,,,,,,,,,,,
Yorkshire and the Humber,North Yorkshire,Harrogate,Black Caribbean,211,27,,,,,,,,,,,,,,,
North East,Stockton-on-Tees,Stockton-on-Tees,Black Population,1953,248,,,,,,,,,,,,,,,
London,Greater London,Harrow,Black African,10584,1344,,,,,,,,,,,,,,,
London,Greater London,Harrow,Black Caribbean,6514,827,,,,,,,,,,,,,,,
North East,Tyne and Wear,Sunderland,Black Population,2437,309,,,,,,,,,,,,,,,
South East,Hampshire,Hart,Black African,514,65,,,,,,,,,,,,,,,
South East,Hampshire,Hart,Black Caribbean,225,29,,,,,,,,,,,,,,,
North West,Cumbria,Allerdale,Black Population,78,10,,,,,,,,,,,,,,,
North East,Hartlepool,Hartlepool,Black African,327,42,,,,,,,,,,,,,,,
North East,Hartlepool,Hartlepool,Black Caribbean,57,7,,,,,,,,,,,,,,,
North West,Cumbria,Borrow-in-Furness,Black Population,237,30,,,,,,,,,,,,,,,
South East,East Sussex,Hastings,Black African,782,99,,,,,,,,,,,,,,,
South East,East Sussex,Hastings,Black Caribbean,304,39,,,,,,,,,,,,,,,
North West,Blackburn with Darwen,Blackburn with Darwen,Black Population,1231,156,,,,,,,,,,,,,,,
South East,Hampshire,Havant,Black African,463,59,,,,,,,,,,,,,,,
South East,Hampshire,Havant,Black Caribbean,155,20,,,,,,,,,,,,,,,
North West,Blackpool,Blackpool,Black Population,624,79,,,,,,,,,,,,,,,
London,Greater London,Havering,Black African,14138,1796,,,,,,,,,,,,,,,
London,Greater London,Havering,Black Caribbean,4832,614,,,,,,,,,,,,,,,
North West,Greater Manchester,Bolton,Black Population,9902,1258,,,,,,,,,,,,,,,
East of England,Hertfordshire,"Herefordshire, County of",Black African,340,43,,,,,,,,,,,,,,,
East of England,Hertfordshire,"Herefordshire, County of",Black Caribbean,150,19,,,,,,,,,,,,,,,
North West,Lancashire,Burnley,Black Population,275,35,,,,,,,,,,,,,,,
East of England,Hertfordshire,Hertsmere,Black African,3713,472,,,,,,,,,,,,,,,
East of England,Hertfordshire,Hertsmere,Black Caribbean,890,113,,,,,,,,,,,,,,,
North West,Greater Manchester,Bury,Black Population,3221,409,,,,,,,,,,,,,,,
East Midlands,Derbyshire,High Peak,Black African,119,15,,,,,,,,,,,,,,,
East Midlands,Derbyshire,High Peak,Black Caribbean,70,9,,,,,,,,,,,,,,,
North West,Cumbria,Cartisle,Black Population,315,40,,,,,,,,,,,,,,,
London,Greater London,Hillingdon,Black African,15844,2012,,,,,,,,,,,,,,,
London,Greater London,Hillingdon,Black Caribbean,5752,731,,,,,,,,,,,,,,,
North West,Cheshire East,Cheshire East,Black Population,2080,264,,,,,,,,,,,,,,,
East Midlands,Leicestershire,Hinckley and Bosworth,Black African,423,54,,,,,,,,,,,,,,,
East Midlands,Leicestershire,Hinckley and Bosworth,Black Caribbean,187,24,,,,,,,,,,,,,,,
North West,Cheshire West and Chester,Cheshire West and Chester,Black Population,1888,240,,,,,,,,,,,,,,,
South East,West Sussex,Horsham,Black African,895,114,,,,,,,,,,,,,,,
South East,West Sussex,Horsham,Black Caribbean,256,33,,,,,,,,,,,,,,,
North West,Lancashire,Chorley,Black Population,555,70,,,,,,,,,,,,,,,
London,Greater London,Hounslow,Black African,14895,1892,,,,,,,,,,,,,,,
London,Greater London,Hounslow,Black Caribbean,3573,454,,,,,,,,,,,,,,,
North West,Cumbria,Copeland,Black Population,175,22,,,,,,,,,,,,,,,
East of England,Cambridgeshire,Huntingdonshire,Black African,1766,224,,,,,,,,,,,,,,,
East of England,Cambridgeshire,Huntingdonshire,Black Caribbean,483,61,,,,,,,,,,,,,,,
North West,Cumbria,Eden,Black Population,77,10,,,,,,,,,,,,,,,
North West,Lancashire,Hyndburn,Black African,160,20,,,,,,,,,,,,,,,
North West,Lancashire,Hyndburn,Black Caribbean,40,5,,,,,,,,,,,,,,,
North West,Lancashire,Fylde,Black Population,255,32,,,,,,,,,,,,,,,
East of England,Suffolk,Ipswich,Black African,2483,315,,,,,,,,,,,,,,,
East of England,Suffolk,Ipswich,Black Caribbean,1508,192,,,,,,,,,,,,,,,
North West,Halton,Halton,Black Population,377,48,,,,,,,,,,,,,,,
Wales,Isle of Anglesey,Isle of Anglesey,Black African,68,9,,,,,,,,,,,,,,,
Wales,Isle of Anglesey,Isle of Anglesey,Black Caribbean,17,2,,,,,,,,,,,,,,,
North West,Lancashire,Hyndburn,Black Population,200,25,,,,,,,,,,,,,,,
South East,Isle of Wight,Isle of Wight,Black African,296,38,,,,,,,,,,,,,,,
South East,Isle of Wight,Isle of Wight,Black Caribbean,128,16,,,,,,,,,,,,,,,
North West,Merseyside,Knowsley,Black Population,1094,139,,,,,,,,,,,,,,,
South West,Isles of Scilly,Isles of Scilly,Black African,2,0,,,,,,,,,,,,,,,
South West,Isles of Scilly,Isles of Scilly,Black Caribbean,2,0,,,,,,,,,,,,,,,
North West,Lancashire,Lancaster,Black Population,1144,145,,,,,,,,,,,,,,,
London,Greater London,Islington,Black African,18091,2298,,,,,,,,,,,,,,,
London,Greater London,Islington,Black Caribbean,7368,936,,,,,,,,,,,,,,,
North West,Merseyside,Liverpool,Black Population,14202,1804,,,,,,,,,,,,,,,
London,Greater London,Kensington and Chelsea,Black African,6944,882,,,,,,,,,,,,,,,
London,Greater London,Kensington and Chelsea,Black Caribbean,3237,411,,,,,,,,,,,,,,,
North West,Greater Manchester,Manchester,Black Population,58330,7408,,,,,,,,,,,,,,,
East Midlands,Lincolnshire,King's Lynn and West Norfolk,Black African,518,66,,,,,,,,,,,,,,,
East Midlands,Lincolnshire,King's Lynn and West Norfolk,Black Caribbean,143,18,,,,,,,,,,,,,,,
North West,Greater Manchester,Oldham,Black Population,6941,882,,,,,,,,,,,,,,,
Yorkshire and the Humber,Kingston upon Hull,"Kingston upon Hull, City of",Black African,4292,545,,,,,,,,,,,,,,,
Yorkshire and the Humber,Kingston upon Hull,"Kingston upon Hull, City of",Black Caribbean,232,29,,,,,,,,,,,,,,,
North West,Lancashire,Pendle,Black Population,225,29,,,,,,,,,,,,,,,
London,Greater London,Kingston upon Thames,Black African,3105,394,,,,,,,,,,,,,,,
London,Greater London,Kingston upon Thames,Black Caribbean,1081,137,,,,,,,,,,,,,,,
North West,Lancashire,Preston,Black Population,3182,404,,,,,,,,,,,,,,,
Yorkshire and the Humber,West Yorkshire,Kirklees,Black Caribbean,4324,549,,,,,,,,,,,,,,,
Yorkshire and the Humber,West Yorkshire,Kirklees,Black African,4180,531,,,,,,,,,,,,,,,
North West,Lancashire,Ribble Valley,Black Population,111,14,,,,,,,,,,,,,,,
North West,Merseyside,Knowsley,Black African,964,122,,,,,,,,,,,,,,,
North West,Merseyside,Knowsley,Black Caribbean,130,17,,,,,,,,,,,,,,,
North West,Greater Manchester,Rochdale,Black Population,6916,878,,,,,,,,,,,,,,,
London,Greater London,Lambeth,Black African,37359,4745,,,,,,,,,,,,,,,
London,Greater London,Lambeth,Black Caribbean,28991,3682,,,,,,,,,,,,,,,
North West,Lancashire,Rossendale,Black Population,147,19,,,,,,,,,,,,,,,
North West,Lancashire,Lancaster,Black African,1019,129,,,,,,,,,,,,,,,
North West,Lancashire,Lancaster,Black Caribbean,125,16,,,,,,,,,,,,,,,
North West,Greater Manchester,Salford,Black Population,14815,1882,,,,,,,,,,,,,,,
Yorkshire and the Humber,West Yorkshire,Leeds,Black African,32211,4091,,,,,,,,,,,,,,,
Yorkshire and the Humber,West Yorkshire,Leeds,Black Caribbean,7889,1002,,,,,,,,,,,,,,,
North West,Merseyside,Sefton,Black Population,1314,167,,,,,,,,,,,,,,,
East Midlands,Leicester,Leicester,Black African,21536,2735,,,,,,,,,,,,,,,
East Midlands,Leicester,Leicester,Black Caribbean,4466,567,,,,,,,,,,,,,,,
North West,Cumbria,South Lakeland,Black Population,222,28,,,,,,,,,,,,,,,
South East,East Sussex,Lewes,Black African,436,55,,,,,,,,,,,,,,,
South East,East Sussex,Lewes,Black Caribbean,182,23,,,,,,,,,,,,,,,
North West,Lancashire,South Ribble,Black Population,475,60,,,,,,,,,,,,,,,
London,Greater London,Lewisham,Black African,37834,4805,,,,,,,,,,,,,,,
London,Greater London,Lewisham,Black Caribbean,31883,4049,,,,,,,,,,,,,,,
North West,Merseyside,St. Helens,Black Population,661,84,,,,,,,,,,,,,,,
West Midlands,Staffordshire,Lichfield,Black Caribbean,316,40,,,,,,,,,,,,,,,
West Midlands,Staffordshire,Lichfield,Black African,201,26,,,,,,,,,,,,,,,
North West,Greater Manchester,Stockport,Black Population,2926,372,,,,,,,,,,,,,,,
East Midlands,Lincolnshire,Lincoln,Black African,1094,139,,,,,,,,,,,,,,,
East Midlands,Lincolnshire,Lincoln,Black Caribbean,236,30,,,,,,,,,,,,,,,
North West,Greater Manchester,Tameside,Black Population,4727,600,,,,,,,,,,,,,,,
North West,Merseyside,Liverpool,Black African,12709,1614,,,,,,,,,,,,,,,
North West,Merseyside,Liverpool,Black Caribbean,1493,190,,,,,,,,,,,,,,,
North West,Greater Manchester,Trafford,Black Population,7078,899,,,,,,,,,,,,,,,
East of England,Luton,Luton,Black African,11774,1495,,,,,,,,,,,,,,,
East of England,Luton,Luton,Black Caribbean,8216,1043,,,,,,,,,,,,,,,
North West,Warrington,Warrington,Black Population,1352,172,,,,,,,,,,,,,,,
South East,Kent,Maidstone,Black African,2567,326,,,,,,,,,,,,,,,
South East,Kent,Maidstone,Black Caribbean,643,82,,,,,,,,,,,,,,,
North West,Lancashire,West Lancashire,Black Population,345,44,,,,,,,,,,,,,,,
East of England,Essex,Maldon,Black African,119,15,,,,,,,,,,,,,,,
East of England,Essex,Maldon,Black Caribbean,76,10,,,,,,,,,,,,,,,
North West,Greater Manchester,Wigan,Black Population,3412,433,,,,,,,,,,,,,,,
West Midlands,Worchestershire,Malvern Hills,Black African,162,21,,,,,,,,,,,,,,,
West Midlands,Worchestershire,Malvern Hills,Black Caribbean,68,9,,,,,,,,,,,,,,,
North West,Merseyside,Wirral,Black Population,1184,150,,,,,,,,,,,,,,,
North West,Greater Manchester,Manchester,Black African,47858,6078,,,,,,,,,,,,,,,
North West,Greater Manchester,Manchester,Black Caribbean,10472,1330,,,,,,,,,,,,,,,
North West,Lancashire,Wyre,Black Population,236,30,,,,,,,,,,,,,,,
East Midlands,Nottinghamshire,Mansfield,Black African,755,96,,,,,,,,,,,,,,,
East Midlands,Nottinghamshire,Mansfield,Black Caribbean,263,33,,,,,,,,,,,,,,,
South East,West Sussex,Adur,Black Population,469,60,,,,,,,,,,,,,,,
South East,Medway,Medway,Black African,11266,1431,,,,,,,,,,,,,,,
South East,Medway,Medway,Black Caribbean,2552,324,,,,,,,,,,,,,,,
South East,West Sussex,Arun,Black Population,721,92,,,,,,,,,,,,,,,
East Midlands,Leicestershire,Melton,Black African,103,13,,,,,,,,,,,,,,,
East Midlands,Leicestershire,Melton,Black Caribbean,67,9,,,,,,,,,,,,,,,
South East,Kent,Ashford,Black Population,3076,391,,,,,,,,,,,,,,,
South West,Somerset,Mendip,Black African,230,29,,,,,,,,,,,,,,,
South West,Somerset,Mendip,Black Caribbean,90,11,,,,,,,,,,,,,,,
South East,Hampshire,Bosingstake and Deane,Black Population,3194,406,,,,,,,,,,,,,,,
Wales,Merthyr Tydfil,Merthyr Tydfil,Black African,59,7,,,,,,,,,,,,,,,
Wales,Merthyr Tydfil,Merthyr Tydfil,Black Caribbean,13,2,,,,,,,,,,,,,,,
South East,Bracknell Forest,Bracknell Forest,Black Population,2626,334,,,,,,,,,,,,,,,
London,Greater London,Merton,Black African,12218,1552,,,,,,,,,,,,,,,
London,Greater London,Merton,Black Caribbean,7632,969,,,,,,,,,,,,,,,
South East,Brighton and Hove,Brighton and Hove,Black Population,4937,627,,,,,,,,,,,,,,,
South West,Devon,Mid Devon,Black African,63,8,,,,,,,,,,,,,,,
South West,Devon,Mid Devon,Black Caribbean,22,3,,,,,,,,,,,,,,,
South East,Buckinghamshire,Buckinghamshire,Black Population,12479,1585,,,,,,,,,,,,,,,
East of England,Suffolk,Mid Suffolk,Black African,274,35,,,,,,,,,,,,,,,
East of England,Suffolk,Mid Suffolk,Black Caribbean,166,21,,,,,,,,,,,,,,,
South East,Kent,Canterbury,Black Population,3575,454,,,,,,,,,,,,,,,
South East,West Sussex,Mid Sussex,Black African,871,111,,,,,,,,,,,,,,,
South East,West Sussex,Mid Sussex,Black Caribbean,309,39,,,,,,,,,,,,,,,
South East,Oxfordshire,Cherwell,Black Population,2421,307,,,,,,,,,,,,,,,
North East,Middlesbrough,Middlesbrough,Black African,3339,424,,,,,,,,,,,,,,,
North East,Middlesbrough,Middlesbrough,Black Caribbean,162,21,,,,,,,,,,,,,,,
South East,West Sussex,Chichester,Black Population,671,85,,,,,,,,,,,,,,,
South East,Milton Keynes,Milton Keynes,Black African,21502,2731,,,,,,,,,,,,,,,
South East,Milton Keynes,Milton Keynes,Black Caribbean,2975,378,,,,,,,,,,,,,,,
South East,West Sussex,Crawley,Black Population,3979,505,,,,,,,,,,,,,,,
South East,Surrey,Mole Valley,Black African,450,57,,,,,,,,,,,,,,,
South East,Surrey,Mole Valley,Black Caribbean,170,22,,,,,,,,,,,,,,,
South East,Kent,Dartford,Black Population,10953,1391,,,,,,,,,,,,,,,
Wales,Monmouthshire,Monmouthshire,Black African,132,17,,,,,,,,,,,,,,,
Wales,Monmouthshire,Monmouthshire,Black Caribbean,62,8,,,,,,,,,,,,,,,
South East,Kent,Dover,Black Population,722,92,,,,,,,,,,,,,,,
Wales,Neath Port Talbot,Neath Port Talbot,Black African,274,35,,,,,,,,,,,,,,,
Wales,Neath Port Talbot,Neath Port Talbot,Black Caribbean,148,19,,,,,,,,,,,,,,,
South East,Hampshire,East Hampshire,Black Population,580,74,,,,,,,,,,,,,,,
South East,Hampshire,New Forest,Black African,399,51,,,,,,,,,,,,,,,
South East,Hampshire,New Forest,Black Caribbean,162,21,,,,,,,,,,,,,,,
South East,East Sussex,Eastbourne,Black Population,1142,145,,,,,,,,,,,,,,,
East Midlands,Nottinghamshire,Newark and Sherwood,Black African,431,55,,,,,,,,,,,,,,,
East Midlands,Nottinghamshire,Newark and Sherwood,Black Caribbean,225,29,,,,,,,,,,,,,,,
South East,Hampshire,Eastleigh,Black Population,1128,143,,,,,,,,,,,,,,,
North East,Tyne and Wear,Newcastle upon Tyne,Black African,8555,1086,,,,,,,,,,,,,,,
North East,Tyne and Wear,Newcastle upon Tyne,Black Caribbean,340,43,,,,,,,,,,,,,,,
South East,Surrey,Elmbridge,Black Population,1523,193,,,,,,,,,,,,,,,
West Midlands,Staffordshire,Newcastle-under-Lyme,Black African,931,118,,,,,,,,,,,,,,,
West Midlands,Staffordshire,Newcastle-under-Lyme,Black Caribbean,227,29,,,,,,,,,,,,,,,
South East,Surrey,Epsom and Ewell,Black Population,1323,168,,,,,,,,,,,,,,,
London,Greater London,Newham,Black African,40874,5191,,,,,,,,,,,,,,,
London,Greater London,Newham,Black Caribbean,13586,1725,,,,,,,,,,,,,,,
South East,Hampshire,Fareham,Black Population,584,74,,,,,,,,,,,,,,,
Wales,Newport,Newport,Black African,2687,341,,,,,,,,,,,,,,,
Wales,Newport,Newport,Black Caribbean,553,70,,,,,,,,,,,,,,,
South East,Kent,Folkestone and Hythe,Black Population,588,75,,,,,,,,,,,,,,,
South West,Devon,North Devon,Black African,179,23,,,,,,,,,,,,,,,
South West,Devon,North Devon,Black Caribbean,80,10,,,,,,,,,,,,,,,
South East,Hampshire,Gosport,Black Population,844,107,,,,,,,,,,,,,,,
East Midlands,Derbyshire,North East Derbyshire,Black African,170,22,,,,,,,,,,,,,,,
East Midlands,Derbyshire,North East Derbyshire,Black Caribbean,107,14,,,,,,,,,,,,,,,
South East,Kent,Gravesham,Black Population,6082,772,,,,,,,,,,,,,,,
Yorkshire and the Humber,North East Lincolnshire,North East Lincolnshire,Black African,644,82,,,,,,,,,,,,,,,
Yorkshire and the Humber,North East Lincolnshire,North East Lincolnshire,Black Caribbean,98,12,,,,,,,,,,,,,,,
South East,Surrey,Guildford,Black Population,1888,240,,,,,,,,,,,,,,,
East of England,Hertfordshire,North Hertfordshire,Black African,1458,185,,,,,,,,,,,,,,,
East of England,Hertfordshire,North Hertfordshire,Black Caribbean,1331,169,,,,,,,,,,,,,,,
South East,Hampshire,Hart,Black Population,739,94,,,,,,,,,,,,,,,
East Midlands,Lincolnshire,North Kesteven,Black African,239,30,,,,,,,,,,,,,,,
East Midlands,Lincolnshire,North Kesteven,Black Caribbean,104,13,,,,,,,,,,,,,,,
South East,East Sussex,Hastings,Black Population,1086,138,,,,,,,,,,,,,,,
Yorkshire and the Humber,North Lincolnshire,North Lincolnshire,Black African,663,84,,,,,,,,,,,,,,,
Yorkshire and the Humber,North Lincolnshire,North Lincolnshire,Black Caribbean,85,11,,,,,,,,,,,,,,,
South East,Hampshire,Havant,Black Population,618,78,,,,,,,,,,,,,,,
East Midlands,Lincolnshire,North Norfolk,Black African,96,12,,,,,,,,,,,,,,,
East Midlands,Lincolnshire,North Norfolk,Black Caribbean,59,7,,,,,,,,,,,,,,,
South East,West Sussex,Horsham,Black Population,1151,146,,,,,,,,,,,,,,,
East Midlands,North Northamptonshire,North Northamptonshire,Black African,6889,875,,,,,,,,,,,,,,,
East Midlands,North Northamptonshire,North Northamptonshire,Black Caribbean,2473,314,,,,,,,,,,,,,,,
South East,Isle of Wight,Isle of Wight,Black Population,424,54,,,,,,,,,,,,,,,
South West,North Somerset,North Somerset,Black African,733,93,,,,,,,,,,,,,,,
South West,North Somerset,North Somerset,Black Caribbean,251,32,,,,,,,,,,,,,,,
South East,East Sussex,Lewes,Black Population,618,78,,,,,,,,,,,,,,,
North East,Tyne and Wear,North Tyneside,Black African,1020,130,,,,,,,,,,,,,,,
North East,Tyne and Wear,North Tyneside,Black Caribbean,102,13,,,,,,,,,,,,,,,
South East,Kent,Maidstone,Black Population,3210,408,,,,,,,,,,,,,,,
West Midlands,Warwickshire,North Warwickshire,Black Caribbean,196,25,,,,,,,,,,,,,,,
West Midlands,Warwickshire,North Warwickshire,Black African,113,14,,,,,,,,,,,,,,,
South East,Medway,Medway,Black Population,13818,1755,,,,,,,,,,,,,,,
East Midlands,Leicestershire,North West Leicestershire,Black African,423,54,,,,,,,,,,,,,,,
East Midlands,Leicestershire,North West Leicestershire,Black Caribbean,144,18,,,,,,,,,,,,,,,
South East,West Sussex,Mid Sussex,Black Population,1180,150,,,,,,,,,,,,,,,
North East,Northumberland,Northumberland,Black African,400,51,,,,,,,,,,,,,,,
North East,Northumberland,Northumberland,Black Caribbean,124,16,,,,,,,,,,,,,,,
South East,Milton Keynes,Milton Keynes,Black Population,24477,3109,,,,,,,,,,,,,,,
East Midlands,Lincolnshire,Norwich,Black African,2807,356,,,,,,,,,,,,,,,
East Midlands,Lincolnshire,Norwich,Black Caribbean,395,50,,,,,,,,,,,,,,,
South East,Surrey,Mole Valley,Black Population,620,79,,,,,,,,,,,,,,,
East Midlands,Nottingham,Nottingham,Black African,18740,2380,,,,,,,,,,,,,,,
East Midlands,Nottingham,Nottingham,Black Caribbean,9339,1186,,,,,,,,,,,,,,,
South East,Hampshire,New Forest,Black Population,561,71,,,,,,,,,,,,,,,
West Midlands,Warwickshire,Nuneaton and Bedworth,Black African,1622,206,,,,,,,,,,,,,,,
West Midlands,Warwickshire,Nuneaton and Bedworth,Black Caribbean,492,62,,,,,,,,,,,,,,,
South East,Oxfordshire,Oxford,Black Population,6689,850,,,,,,,,,,,,,,,
East Midlands,Leicestershire,Oadby and Wigston,Black African,725,92,,,,,,,,,,,,,,,
East Midlands,Leicestershire,Oadby and Wigston,Black Caribbean,394,50,,,,,,,,,,,,,,,
South East,Portsmouth,Portsmouth,Black Population,6319,803,,,,,,,,,,,,,,,
North West,Greater Manchester,Oldham,Black African,6065,770,,,,,,,,,,,,,,,
North West,Greater Manchester,Oldham,Black Caribbean,876,111,,,,,,,,,,,,,,,
South East,Reading,Reading,Black Population,10958,1392,,,,,,,,,,,,,,,
South East,Oxfordshire,Oxford,Black African,5060,643,,,,,,,,,,,,,,,
South East,Oxfordshire,Oxford,Black Caribbean,1629,207,,,,,,,,,,,,,,,
South East,Surrey,Reigate and Banstead,Black Population,3878,493,,,,,,,,,,,,,,,
Wales,Pembrokeshire,Pembrokeshire,Black African,147,19,,,,,,,,,,,,,,,
Wales,Pembrokeshire,Pembrokeshire,Black Caribbean,55,7,,,,,,,,,,,,,,,
South East,East Sussex,Rother,Black Population,507,64,,,,,,,,,,,,,,,
North West,Lancashire,Pendle,Black African,174,22,,,,,,,,,,,,,,,
North West,Lancashire,Pendle,Black Caribbean,51,6,,,,,,,,,,,,,,,
South East,Surrey,Runnymede,Black Population,1450,184,,,,,,,,,,,,,,,
East of England,Peterborough,Peterborough,Black African,6225,791,,,,,,,,,,,,,,,
East of England,Peterborough,Peterborough,Black Caribbean,1419,180,,,,,,,,,,,,,,,
South East,Hampshire,Rushmoor,Black Population,2100,267,,,,,,,,,,,,,,,
South West,Plymouth,Plymouth,Black African,2022,257,,,,,,,,,,,,,,,
South West,Plymouth,Plymouth,Black Caribbean,460,58,,,,,,,,,,,,,,,
South East,Kent,Sevenoaks,Black Population,1702,216,,,,,,,,,,,,,,,
South East,Portsmouth,Portsmouth,Black African,5369,682,,,,,,,,,,,,,,,
South East,Portsmouth,Portsmouth,Black Caribbean,950,121,,,,,,,,,,,,,,,
South East,Slough,Slough,Black Population,10586,1344,,,,,,,,,,,,,,,
Wales,Powys,Powys,Black Caribbean,96,12,,,,,,,,,,,,,,,
Wales,Powys,Powys,Black African,74,9,,,,,,,,,,,,,,,
South East,Oxfordshire,South Oxfordshire,Black Population,1245,158,,,,,,,,,,,,,,,
North West,Lancashire,Preston,Black African,2355,299,,,,,,,,,,,,,,,
North West,Lancashire,Preston,Black Caribbean,827,105,,,,,,,,,,,,,,,
South East,Southampton,Southampton,Black Population,6730,855,,,,,,,,,,,,,,,
South East,Reading,Reading,Black African,7665,973,,,,,,,,,,,,,,,
South East,Reading,Reading,Black Caribbean,3293,418,,,,,,,,,,,,,,,
South East,Surrey,Spelthorne,Black Population,2294,291,,,,,,,,,,,,,,,
London,Greater London,Redbridge,Black African,14573,1851,,,,,,,,,,,,,,,
London,Greater London,Redbridge,Black Caribbean,8452,1073,,,,,,,,,,,,,,,
South East,Surrey,Surrey Heath,Black Population,1245,158,,,,,,,,,,,,,,,
North East,Redcar and Cleveland,Redcar and Cleveland,Black African,182,23,,,,,,,,,,,,,,,
North East,Redcar and Cleveland,Redcar and Cleveland,Black Caribbean,48,6,,,,,,,,,,,,,,,
South East,Kent,Swale,Black Population,2993,380,,,,,,,,,,,,,,,
West Midlands,Worchestershire,Redditch,Black Caribbean,550,70,,,,,,,,,,,,,,,
West Midlands,Worchestershire,Redditch,Black African,335,43,,,,,,,,,,,,,,,
South East,Surrey,Tandridge,Black Population,1681,213,,,,,,,,,,,,,,,
South East,Surrey,Reigate and Banstead,Black African,2878,366,,,,,,,,,,,,,,,
South East,Surrey,Reigate and Banstead,Black Caribbean,1000,127,,,,,,,,,,,,,,,
South East,Hampshire,Test Valley,Black Population,1215,154,,,,,,,,,,,,,,,
Wales,Rhondda Cynon Taf,Rhondda Cynon Taf,Black African,749,95,,,,,,,,,,,,,,,
Wales,Rhondda Cynon Taf,Rhondda Cynon Taf,Black Caribbean,116,15,,,,,,,,,,,,,,,
South East,Kent,Thanet,Black Population,1312,167,,,,,,,,,,,,,,,
North West,Lancashire,Ribble Valley,Black African,76,10,,,,,,,,,,,,,,,
North West,Lancashire,Ribble Valley,Black Caribbean,35,4,,,,,,,,,,,,,,,
South East,Kent,Tonbridge and Malling,Black Population,1151,146,,,,,,,,,,,,,,,
London,Greater London,Richmond upon Thames,Black African,2260,287,,,,,,,,,,,,,,,
London,Greater London,Richmond upon Thames,Black Caribbean,936,119,,,,,,,,,,,,,,,
South East,Kent,Tunbridge Wells,Black Population,1002,127,,,,,,,,,,,,,,,
Yorkshire and the Humber,North Yorkshire,Richmondshire,Black African,167,21,,,,,,,,,,,,,,,
Yorkshire and the Humber,North Yorkshire,Richmondshire,Black Caribbean,132,17,,,,,,,,,,,,,,,
South East,Oxfordshire,Vale of White Horse,Black Population,1953,248,,,,,,,,,,,,,,,
North West,Greater Manchester,Rochdale,Black African,6476,822,,,,,,,,,,,,,,,
North West,Greater Manchester,Rochdale,Black Caribbean,440,56,,,,,,,,,,,,,,,
South East,Surrey,Waverley,Black Population,782,99,,,,,,,,,,,,,,,
East of England,Essex,Rochford,Black African,402,51,,,,,,,,,,,,,,,
East of England,Essex,Rochford,Black Caribbean,140,18,,,,,,,,,,,,,,,
South East,East Sussex,Wealden,Black Population,567,72,,,,,,,,,,,,,,,
North West,Lancashire,Rossendale,Black African,89,11,,,,,,,,,,,,,,,
North West,Lancashire,Rossendale,Black Caribbean,58,7,,,,,,,,,,,,,,,
South East,West Berkshire,West Berkshire,Black Population,1722,219,,,,,,,,,,,,,,,
South East,East Sussex,Rother,Black African,344,44,,,,,,,,,,,,,,,
South East,East Sussex,Rother,Black Caribbean,163,21,,,,,,,,,,,,,,,
South East,Oxfordshire,West Oxfordshire,Black Population,635,81,,,,,,,,,,,,,,,
Yorkshire and the Humber,South Yorkshire,Rotherham,Black African,2260,287,,,,,,,,,,,,,,,
Yorkshire and the Humber,South Yorkshire,Rotherham,Black Caribbean,336,43,,,,,,,,,,,,,,,
South East,Windsor and Maidenhead,Windsor and Maidenhead,Black Population,2061,262,,,,,,,,,,,,,,,
West Midlands,Warwickshire,Rugby,Black African,1897,241,,,,,,,,,,,,,,,
West Midlands,Warwickshire,Rugby,Black Caribbean,793,101,,,,,,,,,,,,,,,
South East,Surrey,Woking,Black Population,1654,210,,,,,,,,,,,,,,,
South East,Surrey,Runnymede,Black African,1092,139,,,,,,,,,,,,,,,
South East,Surrey,Runnymede,Black Caribbean,358,45,,,,,,,,,,,,,,,
South East,Wokingham,Wokingham,Black Population,3778,480,,,,,,,,,,,,,,,
East Midlands,Nottinghamshire,Rushcliffe,Black African,574,73,,,,,,,,,,,,,,,
East Midlands,Nottinghamshire,Rushcliffe,Black Caribbean,398,51,,,,,,,,,,,,,,,
South East,West Sussex,Worthing,Black Population,1143,145,,,,,,,,,,,,,,,
South East,Hampshire,Rushmoor,Black African,1448,184,,,,,,,,,,,,,,,
South East,Hampshire,Rushmoor,Black Caribbean,652,83,,,,,,,,,,,,,,,
South West,Dorset,"Bournemouth, Christchurch and Poole",Black Population,3750,476,,,,,,,,,,,,,,,
East Midlands,Rutland,Rutland,Black African,251,32,,,,,,,,,,,,,,,
East Midlands,Rutland,Rutland,Black Caribbean,213,27,,,,,,,,,,,,,,,
South West,Bristol,"Bristol, City of",Black Population,24952,3169,,,,,,,,,,,,,,,
Yorkshire and the Humber,North Yorkshire,Ryedale,Black African,62,8,,,,,,,,,,,,,,,
Yorkshire and the Humber,North Yorkshire,Ryedale,Black Caribbean,19,2,,,,,,,,,,,,,,,
South West,Gloucestershire,Chettenham,Black Population,1030,131,,,,,,,,,,,,,,,
North West,Greater Manchester,Salford,Black African,13477,1712,,,,,,,,,,,,,,,
North West,Greater Manchester,Salford,Black Caribbean,1338,170,,,,,,,,,,,,,,,
South West,Cornwall,Cornwall,Black Population,876,111,,,,,,,,,,,,,,,
West Midlands,West Midlands,Sandwell,Black Caribbean,13103,1664,,,,,,,,,,,,,,,
West Midlands,West Midlands,Sandwell,Black African,12668,1609,,,,,,,,,,,,,,,
South West,Gloucestershire,Cotswold,Black Population,339,43,,,,,,,,,,,,,,,
Yorkshire and the Humber,North Yorkshire,Scarborough,Black African,268,34,,,,,,,,,,,,,,,
Yorkshire and the Humber,North Yorkshire,Scarborough,Black Caribbean,44,6,,,,,,,,,,,,,,,
South West,Dorset,Dorset,Black Population,901,114,,,,,,,,,,,,,,,
South West,Somerset,Sedgemoor,Black African,249,32,,,,,,,,,,,,,,,
South West,Somerset,Sedgemoor,Black Caribbean,90,11,,,,,,,,,,,,,,,
South West,Devon,East Devon,Black Population,301,38,,,,,,,,,,,,,,,
North West,Merseyside,Sefton,Black African,1006,128,,,,,,,,,,,,,,,
North West,Merseyside,Sefton,Black Caribbean,308,39,,,,,,,,,,,,,,,
South West,Devon,Exeter,Black Population,1030,131,,,,,,,,,,,,,,,
Yorkshire and the Humber,North Yorkshire,Selby,Black African,140,18,,,,,,,,,,,,,,,
Yorkshire and the Humber,North Yorkshire,Selby,Black Caribbean,52,7,,,,,,,,,,,,,,,
South West,Gloucestershire,Forest of Dean,Black Population,199,25,,,,,,,,,,,,,,,
South East,Kent,Sevenoaks,Black African,1332,169,,,,,,,,,,,,,,,
South East,Kent,Sevenoaks,Black Caribbean,370,47,,,,,,,,,,,,,,,
South West,Gloucestershire,Gloucester,Black Population,4061,516,,,,,,,,,,,,,,,
Yorkshire and the Humber,South Yorkshire,Sheffield,Black African,18237,2316,,,,,,,,,,,,,,,
Yorkshire and the Humber,South Yorkshire,Sheffield,Black Caribbean,4647,590,,,,,,,,,,,,,,,
South West,Isles of Scilly,Isles of Scilly,Black Population,4,1,,,,,,,,,,,,,,,
West Midlands,Shropshire,Shropshire,Black African,576,73,,,,,,,,,,,,,,,
West Midlands,Shropshire,Shropshire,Black Caribbean,300,38,,,,,,,,,,,,,,,
South West,Somerset,Mendip,Black Population,320,41,,,,,,,,,,,,,,,
South East,Slough,Slough,Black African,7815,993,,,,,,,,,,,,,,,
South East,Slough,Slough,Black Caribbean,2771,352,,,,,,,,,,,,,,,
South West,Devon,Mid Devon,Black Population,85,11,,,,,,,,,,,,,,,
West Midlands,West Midlands,Solihull,Black Caribbean,2033,258,,,,,,,,,,,,,,,
West Midlands,West Midlands,Solihull,Black African,1346,171,,,,,,,,,,,,,,,
South West,Devon,North Devon,Black Population,259,33,,,,,,,,,,,,,,,
South West,Somerset,Somerset West and Taunton,Black African,623,79,,,,,,,,,,,,,,,
South West,Somerset,Somerset West and Taunton,Black Caribbean,120,15,,,,,,,,,,,,,,,
South West,North Somerset,North Somerset,Black Population,984,125,,,,,,,,,,,,,,,
East of England,Cambridgeshire,South Cambridgeshire,Black African,1431,182,,,,,,,,,,,,,,,
East of England,Cambridgeshire,South Cambridgeshire,Black Caribbean,341,43,,,,,,,,,,,,,,,
South West,Plymouth,Plymouth,Black Population,2482,315,,,,,,,,,,,,,,,
East Midlands,Derbyshire,South Derbyshire,Black African,465,59,,,,,,,,,,,,,,,
East Midlands,Derbyshire,South Derbyshire,Black Caribbean,294,37,,,,,,,,,,,,,,,
South West,Somerset,Sedgemoor,Black Population,339,43,,,,,,,,,,,,,,,
South West,South Gloucestershire,South Gloucestershire,Black African,2787,354,,,,,,,,,,,,,,,
South West,South Gloucestershire,South Gloucestershire,Black Caribbean,1219,155,,,,,,,,,,,,,,,
South West,Somerset,Somerset West and Taunton,Black Population,743,94,,,,,,,,,,,,,,,
South West,Devon,South Hams,Black African,71,9,,,,,,,,,,,,,,,
South West,Devon,South Hams,Black Caribbean,61,8,,,,,,,,,,,,,,,
South West,South Gloucestershire,South Gloucestershire,Black Population,4006,509,,,,,,,,,,,,,,,
East Midlands,Lincolnshire,South Holland,Black African,324,41,,,,,,,,,,,,,,,
East Midlands,Lincolnshire,South Holland,Black Caribbean,118,15,,,,,,,,,,,,,,,
South West,Devon,South Hams,Black Population,132,17,,,,,,,,,,,,,,,
East Midlands,Lincolnshire,South Kesteven,Black African,552,70,,,,,,,,,,,,,,,
East Midlands,Lincolnshire,South Kesteven,Black Caribbean,222,28,,,,,,,,,,,,,,,
South West,Somerset,South Somerset,Black Population,712,90,,,,,,,,,,,,,,,
North West,Cumbria,South Lakeland,Black African,120,15,,,,,,,,,,,,,,,
North West,Cumbria,South Lakeland,Black Caribbean,102,13,,,,,,,,,,,,,,,
South West,Gloucestershire,Stroud,Black Population,443,56,,,,,,,,,,,,,,,
East Midlands,Lincolnshire,South Norfolk,Black African,866,110,,,,,,,,,,,,,,,
East Midlands,Lincolnshire,South Norfolk,Black Caribbean,163,21,,,,,,,,,,,,,,,
South West,Swindon,Swindon,Black Population,5193,660,,,,,,,,,,,,,,,
South East,Oxfordshire,South Oxfordshire,Black African,900,114,,,,,,,,,,,,,,,
South East,Oxfordshire,South Oxfordshire,Black Caribbean,345,44,,,,,,,,,,,,,,,
South West,Devon,Teignbridge,Black Population,187,24,,,,,,,,,,,,,,,
North West,Lancashire,South Ribble,Black African,266,34,,,,,,,,,,,,,,,
North West,Lancashire,South Ribble,Black Caribbean,209,27,,,,,,,,,,,,,,,
South West,Gloucestershire,Tewkesbury,Black Population,492,62,,,,,,,,,,,,,,,
South West,Somerset,South Somerset,Black African,555,70,,,,,,,,,,,,,,,
South West,Somerset,South Somerset,Black Caribbean,157,20,,,,,,,,,,,,,,,
South West,Torbay,Torbay,Black Population,399,51,,,,,,,,,,,,,,,
West Midlands,Staffordshire,South Staffordshire,Black Caribbean,547,69,,,,,,,,,,,,,,,
West Midlands,Staffordshire,South Staffordshire,Black African,307,39,,,,,,,,,,,,,,,
South West,Devon,Torridge,Black Population,62,8,,,,,,,,,,,,,,,
North East,Tyne and Wear,South Tyneside,Black African,606,77,,,,,,,,,,,,,,,
North East,Tyne and Wear,South Tyneside,Black Caribbean,78,10,,,,,,,,,,,,,,,
South West,Devon,West Devon,Black Population,94,12,,,,,,,,,,,,,,,
South East,Southampton,Southampton,Black African,5627,715,,,,,,,,,,,,,,,
South East,Southampton,Southampton,Black Caribbean,1103,140,,,,,,,,,,,,,,,
South West,Wiltshire,Wiltshire,Black Population,4573,581,,,,,,,,,,,,,,,
East of England,Southend-on-Sea,Southend-on-Sea,Black African,3590,456,,,,,,,,,,,,,,,
East of England,Southend-on-Sea,Southend-on-Sea,Black Caribbean,839,107,,,,,,,,,,,,,,,
Wales,Blaenau Gwent,Blaenau Gwent,Black Population,105,13,,,,,,,,,,,,,,,
London,Greater London,Southwark,Black African,48320,6137,,,,,,,,,,,,,,,
London,Greater London,Southwark,Black Caribbean,18156,2306,,,,,,,,,,,,,,,
Wales,Bridgend,Bridgend,Black Population,355,45,,,,,,,,,,,,,,,
South East,Surrey,Spelthorne,Black African,1711,217,,,,,,,,,,,,,,,
South East,Surrey,Spelthorne,Black Caribbean,583,74,,,,,,,,,,,,,,,
Wales,Coerphilly,Coerphilly,Black Population,222,28,,,,,,,,,,,,,,,
East of England,Hertfordshire,St Albans,Black African,1821,231,,,,,,,,,,,,,,,
East of England,Hertfordshire,St Albans,Black Caribbean,905,115,,,,,,,,,,,,,,,
Wales,Cardiff,Cardiff,Black Population,11937,1516,,,,,,,,,,,,,,,
North West,Merseyside,St. Helens,Black African,558,71,,,,,,,,,,,,,,,
North West,Merseyside,St. Helens,Black Caribbean,103,13,,,,,,,,,,,,,,,
Wales,Carmarthenshire,Carmarthenshire,Black Population,386,49,,,,,,,,,,,,,,,
West Midlands,Staffordshire,Stafford,Black African,715,91,,,,,,,,,,,,,,,
West Midlands,Staffordshire,Stafford,Black Caribbean,510,65,,,,,,,,,,,,,,,
Wales,Ceredigion,Ceredigion,Black Population,326,41,,,,,,,,,,,,,,,
West Midlands,Staffordshire,Staffordshire Moorlands,Black Caribbean,90,11,,,,,,,,,,,,,,,
West Midlands,Staffordshire,Staffordshire Moorlands,Black African,78,10,,,,,,,,,,,,,,,
Wales,Conwy,Conwy,Black Population,222,28,,,,,,,,,,,,,,,
East of England,Hertfordshire,Stevenage,Black African,2991,380,,,,,,,,,,,,,,,
East of England,Hertfordshire,Stevenage,Black Caribbean,799,101,,,,,,,,,,,,,,,
Wales,Denbighshire,Denbighshire,Black Population,223,28,,,,,,,,,,,,,,,
North West,Greater Manchester,Stockport,Black African,2030,258,,,,,,,,,,,,,,,
North West,Greater Manchester,Stockport,Black Caribbean,896,114,,,,,,,,,,,,,,,
Wales,Flintshire,Flintshire,Black Population,236,30,,,,,,,,,,,,,,,
North East,Stockton-on-Tees,Stockton-on-Tees,Black African,1823,232,,,,,,,,,,,,,,,
North East,Stockton-on-Tees,Stockton-on-Tees,Black Caribbean,130,17,,,,,,,,,,,,,,,
Wales,Gwynedd,Gwynedd,Black Population,455,58,,,,,,,,,,,,,,,
West Midlands,Stoke-on-Trent,Stoke-on-Trent,Black African,5048,641,,,,,,,,,,,,,,,
West Midlands,Stoke-on-Trent,Stoke-on-Trent,Black Caribbean,916,116,,,,,,,,,,,,,,,
Wales,Isle of Anglesey,Isle of Anglesey,Black Population,85,11,,,,,,,,,,,,,,,
West Midlands,Warwickshire,Stratford-on-Avon,Black African,242,31,,,,,,,,,,,,,,,
West Midlands,Warwickshire,Stratford-on-Avon,Black Caribbean,180,23,,,,,,,,,,,,,,,
Wales,Merthyr Tydfil,Merthyr Tydfil,Black Population,72,9,,,,,,,,,,,,,,,
South West,Gloucestershire,Stroud,Black African,257,33,,,,,,,,,,,,,,,
South West,Gloucestershire,Stroud,Black Caribbean,186,24,,,,,,,,,,,,,,,
Wales,Monmouthshire,Monmouthshire,Black Population,194,25,,,,,,,,,,,,,,,
North East,Tyne and Wear,Sunderland,Black African,2304,293,,,,,,,,,,,,,,,
North East,Tyne and Wear,Sunderland,Black Caribbean,133,17,,,,,,,,,,,,,,,
Wales,Neath Port Talbot,Neath Port Talbot,Black Population,422,54,,,,,,,,,,,,,,,
South East,Surrey,Surrey Heath,Black African,953,121,,,,,,,,,,,,,,,
South East,Surrey,Surrey Heath,Black Caribbean,292,37,,,,,,,,,,,,,,,
Wales,Newport,Newport,Black Population,3240,411,,,,,,,,,,,,,,,
London,Greater London,Sutton,Black African,7441,945,,,,,,,,,,,,,,,
London,Greater London,Sutton,Black Caribbean,3450,438,,,,,,,,,,,,,,,
Wales,Pembrokeshire,Pembrokeshire,Black Population,202,26,,,,,,,,,,,,,,,
South East,Kent,Swale,Black African,2541,323,,,,,,,,,,,,,,,
South East,Kent,Swale,Black Caribbean,452,57,,,,,,,,,,,,,,,
Wales,Powys,Powys,Black Population,170,22,,,,,,,,,,,,,,,
Wales,Swansea,Swansea,Black African,2227,283,,,,,,,,,,,,,,,
Wales,Swansea,Swansea,Black Caribbean,235,30,,,,,,,,,,,,,,,
Wales,Rhondda Cynon Taf,Rhondda Cynon Taf,Black Population,865,110,,,,,,,,,,,,,,,
South West,Swindon,Swindon,Black African,4149,527,,,,,,,,,,,,,,,
South West,Swindon,Swindon,Black Caribbean,1044,133,,,,,,,,,,,,,,,
Wales,Swansea,Swansea,Black Population,2462,313,,,,,,,,,,,,,,,
North West,Greater Manchester,Tameside,Black African,4115,523,,,,,,,,,,,,,,,
North West,Greater Manchester,Tameside,Black Caribbean,612,78,,,,,,,,,,,,,,,
Wales,Torfaen,Torfaen,Black Population,187,24,,,,,,,,,,,,,,,
West Midlands,Staffordshire,Tamworth,Black Caribbean,257,33,,,,,,,,,,,,,,,
West Midlands,Staffordshire,Tamworth,Black African,151,19,,,,,,,,,,,,,,,
Wales,Vale of Glamorgan,Vale of Glamorgan,Black Population,502,64,,,,,,,,,,,,,,,
South East,Surrey,Tandridge,Black African,931,118,,,,,,,,,,,,,,,
South East,Surrey,Tandridge,Black Caribbean,750,95,,,,,,,,,,,,,,,
Wales,Wrexham,Wrexham,Black Population,741,94,,,,,,,,,,,,,,,
South West,Devon,Teignbridge,Black African,136,17,,,,,,,,,,,,,,,
South West,Devon,Teignbridge,Black Caribbean,51,6,,,,,,,,,,,,,,,
West Midlands,Bath and North East Somerset,Bath and North East Somerset,Black Population,1596,203,,,,,,,,,,,,,,,
West Midlands,Telford and Wrekin,Telford and Wrekin,Black African,3962,503,,,,,,,,,,,,,,,
West Midlands,Telford and Wrekin,Telford and Wrekin,Black Caribbean,748,95,,,,,,,,,,,,,,,
West Midlands,West Midlands,Birmingham,Black Population,111540,14166,,,,,,,,,,,,,,,
East of England,Essex,Tendring,Black African,454,58,,,,,,,,,,,,,,,
East of England,Essex,Tendring,Black Caribbean,323,41,,,,,,,,,,,,,,,
West Midlands,Worchestershire,Bromsgrove,Black Population,653,83,,,,,,,,,,,,,,,
South East,Hampshire,Test Valley,Black African,974,124,,,,,,,,,,,,,,,
South East,Hampshire,Test Valley,Black Caribbean,241,31,,,,,,,,,,,,,,,
West Midlands,Staffordshire,Cannock Chase,Black Population,406,52,,,,,,,,,,,,,,,
South West,Gloucestershire,Tewkesbury,Black African,341,43,,,,,,,,,,,,,,,
South West,Gloucestershire,Tewkesbury,Black Caribbean,151,19,,,,,,,,,,,,,,,
West Midlands,West Midlands,Coventry,Black Population,27568,3501,,,,,,,,,,,,,,,
South East,Kent,Thanet,Black African,859,109,,,,,,,,,,,,,,,
South East,Kent,Thanet,Black Caribbean,453,58,,,,,,,,,,,,,,,
West Midlands,West Midlands,Dudley,Black Population,7124,905,,,,,,,,,,,,,,,
East of England,Hertfordshire,Three Rivers,Black African,1235,157,,,,,,,,,,,,,,,
East of England,Hertfordshire,Three Rivers,Black Caribbean,746,95,,,,,,,,,,,,,,,
West Midlands,Staffordshire,East Staffordshire,Black Population,1200,152,,,,,,,,,,,,,,,
East of England,Thurrock,Thurrock,Black African,16171,2054,,,,,,,,,,,,,,,
East of England,Thurrock,Thurrock,Black Caribbean,2174,276,,,,,,,,,,,,,,,
West Midlands,Staffordshire,Lichfield,Black Population,517,66,,,,,,,,,,,,,,,
South East,Kent,Tonbridge and Malling,Black African,873,111,,,,,,,,,,,,,,,
South East,Kent,Tonbridge and Malling,Black Caribbean,278,35,,,,,,,,,,,,,,,
West Midlands,Worchestershire,Malvern Hills,Black Population,230,29,,,,,,,,,,,,,,,
South West,Torbay,Torbay,Black African,264,34,,,,,,,,,,,,,,,
South West,Torbay,Torbay,Black Caribbean,135,17,,,,,,,,,,,,,,,
West Midlands,Staffordshire,Newcastle-under-Lyme,Black Population,1158,147,,,,,,,,,,,,,,,
Wales,Torfaen,Torfaen,Black African,118,15,,,,,,,,,,,,,,,
Wales,Torfaen,Torfaen,Black Caribbean,69,9,,,,,,,,,,,,,,,
West Midlands,Warwickshire,North Warwickshire,Black Population,309,39,,,,,,,,,,,,,,,
South West,Devon,Torridge,Black African,31,4,,,,,,,,,,,,,,,
South West,Devon,Torridge,Black Caribbean,31,4,,,,,,,,,,,,,,,
West Midlands,Warwickshire,Nuneaton and Bedworth,Black Population,2114,268,,,,,,,,,,,,,,,
London,Greater London,Tower Hamlets,Black African,15373,1952,,,,,,,,,,,,,,,
London,Greater London,Tower Hamlets,Black Caribbean,4930,626,,,,,,,,,,,,,,,
West Midlands,Worchestershire,Redditch,Black Population,885,112,,,,,,,,,,,,,,,
North West,Greater Manchester,Trafford,Black African,3636,462,,,,,,,,,,,,,,,
North West,Greater Manchester,Trafford,Black Caribbean,3442,437,,,,,,,,,,,,,,,
West Midlands,Warwickshire,Rugby,Black Population,2690,342,,,,,,,,,,,,,,,
South East,Kent,Tunbridge Wells,Black African,828,105,,,,,,,,,,,,,,,
South East,Kent,Tunbridge Wells,Black Caribbean,174,22,,,,,,,,,,,,,,,
West Midlands,West Midlands,Sandwell,Black Population,25771,3273,,,,,,,,,,,,,,,
East of England,Essex,Uttlesford,Black African,377,48,,,,,,,,,,,,,,,
East of England,Essex,Uttlesford,Black Caribbean,207,26,,,,,,,,,,,,,,,
West Midlands,Shropshire,Shropshire,Black Population,876,111,,,,,,,,,,,,,,,
Wales,Vale of Glamorgan,Vale of Glamorgan,Black African,283,36,,,,,,,,,,,,,,,
Wales,Vale of Glamorgan,Vale of Glamorgan,Black Caribbean,219,28,,,,,,,,,,,,,,,
West Midlands,West Midlands,Solihull,Black Population,3379,429,,,,,,,,,,,,,,,
South East,Oxfordshire,Vale of White Horse,Black African,1450,184,,,,,,,,,,,,,,,
South East,Oxfordshire,Vale of White Horse,Black Caribbean,503,64,,,,,,,,,,,,,,,
West Midlands,Staffordshire,South Staffordshire,Black Population,854,108,,,,,,,,,,,,,,,
Yorkshire and the Humber,West Yorkshire,Wakefield,Black African,3589,456,,,,,,,,,,,,,,,
Yorkshire and the Humber,West Yorkshire,Wakefield,Black Caribbean,361,46,,,,,,,,,,,,,,,
West Midlands,Staffordshire,Stafford,Black Population,1225,156,,,,,,,,,,,,,,,
West Midlands,West Midlands,Walsall,Black African,6439,818,,,,,,,,,,,,,,,
West Midlands,West Midlands,Walsall,Black Caribbean,4889,621,,,,,,,,,,,,,,,
West Midlands,Staffordshire,Staffordshire Moorlands,Black Population,168,21,,,,,,,,,,,,,,,
London,Greater London,Waltham Forest,Black African,18759,2382,,,,,,,,,,,,,,,
London,Greater London,Waltham Forest,Black Caribbean,17587,2234,,,,,,,,,,,,,,,
West Midlands,Stoke-on-Trent,Stoke-on-Trent,Black Population,5964,757,,,,,,,,,,,,,,,
London,Greater London,Wandsworth,Black African,17330,2201,,,,,,,,,,,,,,,
London,Greater London,Wandsworth,Black Caribbean,11356,1442,,,,,,,,,,,,,,,
West Midlands,Warwickshire,Stratford-on-Avon,Black Population,422,54,,,,,,,,,,,,,,,
North West,Warrington,Warrington,Black African,1075,137,,,,,,,,,,,,,,,
North West,Warrington,Warrington,Black Caribbean,277,35,,,,,,,,,,,,,,,
West Midlands,Staffordshire,Tamworth,Black Population,408,52,,,,,,,,,,,,,,,
West Midlands,Warwickshire,Warwick,Black African,1000,127,,,,,,,,,,,,,,,
West Midlands,Warwickshire,Warwick,Black Caribbean,445,57,,,,,,,,,,,,,,,
West Midlands,Telford and Wrekin,Telford and Wrekin,Black Population,4710,598,,,,,,,,,,,,,,,
East of England,Hertfordshire,Watford,Black African,3954,502,,,,,,,,,,,,,,,
East of England,Hertfordshire,Watford,Black Caribbean,1733,220,,,,,,,,,,,,,,,
West Midlands,West Midlands,Walsall,Black Population,11328,1439,,,,,,,,,,,,,,,
South East,Surrey,Waverley,Black African,588,75,,,,,,,,,,,,,,,
South East,Surrey,Waverley,Black Caribbean,194,25,,,,,,,,,,,,,,,
West Midlands,Warwickshire,Warwick,Black Population,1445,184,,,,,,,,,,,,,,,
South East,East Sussex,Wealden,Black African,371,47,,,,,,,,,,,,,,,
South East,East Sussex,Wealden,Black Caribbean,196,25,,,,,,,,,,,,,,,
West Midlands,West Midlands,Wolverhampton,Black Population,21063,2675,,,,,,,,,,,,,,,
East of England,Hertfordshire,Welwyn Hatfield,Black African,5553,705,,,,,,,,,,,,,,,
East of England,Hertfordshire,Welwyn Hatfield,Black Caribbean,1069,136,,,,,,,,,,,,,,,
West Midlands,Worchestershire,Worcester,Black Population,1077,137,,,,,,,,,,,,,,,
South East,West Berkshire,West Berkshire,Black African,1095,139,,,,,,,,,,,,,,,
South East,West Berkshire,West Berkshire,Black Caribbean,627,80,,,,,,,,,,,,,,,
West Midlands,Worchestershire,Wychavon,Black Population,384,49,,,,,,,,,,,,,,,
South West,Devon,West Devon,Black African,68,9,,,,,,,,,,,,,,,
South West,Devon,West Devon,Black Caribbean,26,3,,,,,,,,,,,,,,,
West Midlands,Worchestershire,Wyre Forest,Black Population,328,42,,,,,,,,,,,,,,,
North West,Lancashire,West Lancashire,Black African,245,31,,,,,,,,,,,,,,,
North West,Lancashire,West Lancashire,Black Caribbean,100,13,,,,,,,,,,,,,,,
Yorkshire and the Humber,South Yorkshire,Barnsley,Black Population,1474,187,,,,,,,,,,,,,,,
East Midlands,Lincolnshire,West Lindsey,Black African,183,23,,,,,,,,,,,,,,,
East Midlands,Lincolnshire,West Lindsey,Black Caribbean,106,13,,,,,,,,,,,,,,,
Yorkshire and the Humber,West Yorkshire,Bradford,Black Population,9675,1229,,,,,,,,,,,,,,,
East Midlands,West Northamptonshire,West Northamptonshire,Black African,14304,1817,,,,,,,,,,,,,,,
East Midlands,West Northamptonshire,West Northamptonshire,Black Caribbean,3647,463,,,,,,,,,,,,,,,
Yorkshire and the Humber,West Yorkshire,Calderdale,Black Population,1247,158,,,,,,,,,,,,,,,
South East,Oxfordshire,West Oxfordshire,Black African,475,60,,,,,,,,,,,,,,,
South East,Oxfordshire,West Oxfordshire,Black Caribbean,160,20,,,,,,,,,,,,,,,
Yorkshire and the Humber,North Yorkshire,Craven,Black Population,69,9,,,,,,,,,,,,,,,
East of England,Suffolk,West Suffolk,Black African,1312,167,,,,,,,,,,,,,,,
East of England,Suffolk,West Suffolk,Black Caribbean,561,71,,,,,,,,,,,,,,,
Yorkshire and the Humber,South Yorkshire,Doncaster,Black Population,3199,406,,,,,,,,,,,,,,,
London,Greater London,Westminster,Black African,10451,1327,,,,,,,,,,,,,,,
London,Greater London,Westminster,Black Caribbean,4307,547,,,,,,,,,,,,,,,
Yorkshire and the Humber,East Riding of Yorkshire,East Riding of Yorkshire,Black Population,790,100,,,,,,,,,,,,,,,
North West,Greater Manchester,Wigan,Black African,3081,391,,,,,,,,,,,,,,,
North West,Greater Manchester,Wigan,Black Caribbean,331,42,,,,,,,,,,,,,,,
Yorkshire and the Humber,North Yorkshire,Hambleton,Black Population,178,23,,,,,,,,,,,,,,,
South West,Wiltshire,Wiltshire,Black African,2984,379,,,,,,,,,,,,,,,
South West,Wiltshire,Wiltshire,Black Caribbean,1589,202,,,,,,,,,,,,,,,
Yorkshire and the Humber,North Yorkshire,Harrogate,Black Population,899,114,,,,,,,,,,,,,,,
East of England,Hampshire,Winchester,Black African,499,63,,,,,,,,,,,,,,,
East of England,Hampshire,Winchester,Black Caribbean,199,25,,,,,,,,,,,,,,,
Yorkshire and the Humber,Kingston upon Hull,"Kingston upon Hull, City of",Black Population,4524,575,,,,,,,,,,,,,,,
South East,Windsor and Maidenhead,Windsor and Maidenhead,Black African,1433,182,,,,,,,,,,,,,,,
South East,Windsor and Maidenhead,Windsor and Maidenhead,Black Caribbean,628,80,,,,,,,,,,,,,,,
Yorkshire and the Humber,West Yorkshire,Kirklees,Black Population,8504,1080,,,,,,,,,,,,,,,
North West,Merseyside,Wirral,Black African,854,108,,,,,,,,,,,,,,,
North West,Merseyside,Wirral,Black Caribbean,330,42,,,,,,,,,,,,,,,
Yorkshire and the Humber,West Yorkshire,Leeds,Black Population,40100,5093,,,,,,,,,,,,,,,
South East,Surrey,Woking,Black African,1331,169,,,,,,,,,,,,,,,
South East,Surrey,Woking,Black Caribbean,323,41,,,,,,,,,,,,,,,
Yorkshire and the Humber,North East Lincolnshire,North East Lincolnshire,Black Population,742,94,,,,,,,,,,,,,,,
South East,Wokingham,Wokingham,Black African,2914,370,,,,,,,,,,,,,,,
South East,Wokingham,Wokingham,Black Caribbean,864,110,,,,,,,,,,,,,,,
Yorkshire and the Humber,North Lincolnshire,North Lincolnshire,Black Population,748,95,,,,,,,,,,,,,,,
West Midlands,West Midlands,Wolverhampton,Black African,11158,1417,,,,,,,,,,,,,,,
West Midlands,West Midlands,Wolverhampton,Black Caribbean,9905,1258,,,,,,,,,,,,,,,
Yorkshire and the Humber,North Yorkshire,Richmondshire,Black Population,299,38,,,,,,,,,,,,,,,
West Midlands,Worchestershire,Worcester,Black African,836,106,,,,,,,,,,,,,,,
West Midlands,Worchestershire,Worcester,Black Caribbean,241,31,,,,,,,,,,,,,,,
Yorkshire and the Humber,South Yorkshire,Rotherham,Black Population,2596,330,,,,,,,,,,,,,,,
South East,West Sussex,Worthing,Black African,893,113,,,,,,,,,,,,,,,
South East,West Sussex,Worthing,Black Caribbean,250,32,,,,,,,,,,,,,,,
Yorkshire and the Humber,North Yorkshire,Ryedale,Black Population,81,10,,,,,,,,,,,,,,,
Wales,Wrexham,Wrexham,Black African,654,83,,,,,,,,,,,,,,,
Wales,Wrexham,Wrexham,Black Caribbean,87,11,,,,,,,,,,,,,,,
Yorkshire and the Humber,North Yorkshire,Scarborough,Black Population,312,40,,,,,,,,,,,,,,,
West Midlands,Worchestershire,Wychavon,Black African,192,24,,,,,,,,,,,,,,,
West Midlands,Worchestershire,Wychavon,Black Caribbean,192,24,,,,,,,,,,,,,,,
Yorkshire and the Humber,North Yorkshire,Selby,Black Population,192,24,,,,,,,,,,,,,,,
North West,Lancashire,Wyre,Black African,167,21,,,,,,,,,,,,,,,
North West,Lancashire,Wyre,Black Caribbean,69,9,,,,,,,,,,,,,,,
Yorkshire and the Humber,South Yorkshire,Sheffield,Black Population,22884,2906,,,,,,,,,,,,,,,
West Midlands,Worchestershire,Wyre Forest,Black Caribbean,169,21,,,,,,,,,,,,,,,
West Midlands,Worchestershire,Wyre Forest,Black African,159,20,,,,,,,,,,,,,,,
Yorkshire and the Humber,West Yorkshire,Wakefield,Black Population,3950,502,,,,,,,,,,,,,,,
Yorkshire and the Humber,York,York,Black African,978,124,,,,,,,,,,,,,,,
Yorkshire and the Humber,York,York,Black Caribbean,208,26,,,,,,,,,,,,,,,
Yorkshire and the Humber,York,York,Black Population,1186,151,,,,,,,,,,,,,,,
Northeast,Aberdeenshire,Aberdeen City Council,Black Population,"9,419",1196,,,,,,,,,,,,,,,
Northeast,Aberdeenshire,Aberdeenshire Council,Black Population,1568,199,,,,,,,,,,,,,,,
Eastern,Angus,Angus Council,Black Population,243,30,,,,,,,,,,,,,,,
Western,Argull and Bute,Argyll and Bute Council,Black Population,236,29,,,,,,,,,,,,,,,
Central Scotland,Clackmannanshire,Clackmannanshire Council,Black Population,202,25,,,,,,,,,,,,,,,
Northern,Inverness-shire,Comhairle nan Eilean Siar (Western Isles Council),Black Population,35,4,,,,,,,,,,,,,,,
Southern,Dumfriesshire,Dumfries and Galloway Council,Black Population,138,17,,,,,,,,,,,,,,,
Eastern,Angus,Dundee City Council,Black Population,2277,289,,,,,,,,,,,,,,,
Southwest,Ayrshire,East Ayrshire Council,Black Population,329,41,,,,,,,,,,,,,,,
Central Scotland,Dunbartonshire,East Dunbartonshire Council,Black Population,475,60,,,,,,,,,,,,,,,
Southeast,East Lothian,East Lothian Council,Black Population,414,52,,,,,,,,,,,,,,,
Central Scotland,Rebfrewshire,East Renfrewshire Council,Black Population,507,64,,,,,,,,,,,,,,,
Southeast,Mid Lothian,City of Edinburgh Council,Black Population,"10,881",3622,,,,,,,,,,,,,,,
Central Scotland,West Lothian,Falkirk Council,Black Population,711,90,,,,,,,,,,,,,,,
Eastern,Fife,Fife Council,Black Population,1671,212,,,,,,,,,,,,,,,
Western,Lanarkshire,Glasgow City Council,Black Population,"23,743",4381,,,,,,,,,,,,,,,
Northern,Inverness-shire,Highland Council,Black Population,626,79,,,,,,,,,,,,,,,
Western,Rebfrewshire,Inverclyde Council,Black Population,265,33,,,,,,,,,,,,,,,
Southeast,Mid Lothian,Midlothian Council,Black Population,569,72,,,,,,,,,,,,,,,
Northeast,Morayshire,Moray Council,Black Population,267,33,,,,,,,,,,,,,,,
Southwest,Ayrshire,North Ayrshire Council,Black Population,304,38,,,,,,,,,,,,,,,
Central Scotland,Lanarkshire,North Lanarkshire Council,Black Population,2089,265,,,,,,,,,,,,,,,
Northern,Orkney,Orkney Islands Council,Black Population,42,5,,,,,,,,,,,,,,,
Central Scotland,Perthshire and Kinross-shire.,Perth and Kinross Council,Black Population,521,66,,,,,,,,,,,,,,,
Western,Refrewshire,Renfrewshire Council,Black Population,2353,298,,,,,,,,,,,,,,,
Southern,"Berwickshire, Peeblesshire, Roxburghshire, Selkirkshire",Scottish Borders Council,Black Population,249,31,,,,,,,,,,,,,,,
Northern,Shetland,Shetland Islands Council,Black Population,49,6,,,,,,,,,,,,,,,
Southwest,Ayrshire,South Ayrshire Council,Black Population,207,26,,,,,,,,,,,,,,,
Central Scotland,Lanarkshire,South Lanarkshire Council,Black Population,2029,257,,,,,,,,,,,,,,,
Central Scotland,Stirlingshire,Stirling Council,Black Population,580,73,,,,,,,,,,,,,,,
Western,Dunbartonshire,West Dunbartonshire Council,Black Population,578,73,,,,,,,,,,,,,,,
Southeast,West Lothian,West Lothian Council,Black Population,1602,203,,,,,,,,,,,,,,,