Region,County,Local Authority,Ethnicity,Ethinic Population,Estimated positive apol1 cases,City
South East,West Sussex,Adur,Black African,359,46,London
South East,West Sussex,Adur,Black Caribbean,110,14,London
East Midlands,Derbyshire,Amber Valley,Black Population,329,42,London
North West,Cumbria,Allerdale,Black African,59,7,London
North West,Cumbria,Allerdale,Black Caribbean,19,2,London
East Midlands,Nottinghamshire,Ashfield,Black Population,1354,172,London
East Midlands,Derbyshire,Amber Valley,Black African,180,23,London
East Midlands,Derbyshire,Amber Valley,Black Caribbean,149,19,London
East Midlands,Nottinghamshire,Bassetlaw,Black Population,580,74,London
South East,West Sussex,Arun,Black African,500,64,London
South East,West Sussex,Arun,Black Caribbean,221,28,London
East Midlands,Leicestershire,Blaby,Black Population,1420,180,London
East Midlands,Nottinghamshire,Ashfield,Black African,959,122,London
East Midlands,Nottinghamshire,Ashfield,Black Caribbean,395,50,London
East Midlands,Derbyshire,Bolsover,Black Population,357,45,London
South East,Kent,Ashford,Black African,2504,318,London
South East,Kent,Ashford,Black Caribbean,572,73,London
East Midlands,Lincolnshire,Boston,Black Population,414,53,London
East of England,Suffolk,Babergh,Black African,287,36,London
East of England,Suffolk,Babergh,Black Caribbean,124,16,London
East Midlands,Lincolnshire,Breckland,Black Population,620,79,London
London,Greater London,Barking and Dagenham,Black African,35101,4458,London
London,Greater London,Barking and Dagenham,Black Caribbean,5824,740,London
East Midlands,Lincolnshire,Broadland,Black Population,569,72,London
London,Greater London,Barnet,Black African,22670,2879,London
London,Greater London,Barnet,Black Caribbean,4951,629,London
East Midlands,Nottinghamshire,Broxtowe,Black Population,1651,210,London
Yorkshire and the Humber,South Yorkshire,Barnsley,Black African,1311,166,London
Yorkshire and the Humber,South Yorkshire,Barnsley,Black Caribbean,163,21,London
East Midlands,Leicestershire,Charnwood,Black Population,2599,330,London
North West,Cumbria,Barrow-in-Furness,Black African,223,28,London
North West,Cumbria,Barrow-in-Furness,Black Caribbean,14,2,London
East Midlands,Derbyshire,Chesterfield,Black Population,704,89,North West
East of England,Essex,Basildon,Black African,6402,813,North West
East of England,Essex,Basildon,Black Caribbean,1279,162,North West
East Midlands,Derby,Derby,Black Population,9166,1164,North West
South East,Hampshire,Basingstoke and Deane,Black African,2514,319,North West
South East,Hampshire,Basingstoke and Deane,Black Caribbean,680,86,North West
East Midlands,Derbyshire,Derbyshire Dales,Black Population,128,16,North West
East Midlands,Nottinghamshire,Bassetlaw,Black African,378,48,North West
East Midlands,Nottinghamshire,Bassetlaw,Black Caribbean,202,26,North West
East Midlands,Lincolnshire,East Lindsey,Black Population,256,33,North West
West Midlands,Bath and North East Somerset,Bath and North East Somerset,Black African,980,124,North West
West Midlands,Bath and North East Somerset,Bath and North East Somerset,Black Caribbean,616,78,North West
East Midlands,Derbyshire,Erewash,Black Population,752,96,North West
East of England,Bedford,Bedford,Black African,5448,692,North West
East of England,Bedford,Bedford,Black Caribbean,3227,410,North West
East Midlands,Nottinghamshire,Gedling,Black Population,2289,291,Yorkshire and the Humber
London,Greater London,Bexley,Black African,23262,2954,Yorkshire and the Humber
London,Greater London,Bexley,Black Caribbean,3230,410,Yorkshire and the Humber
East Midlands,Lincolnshire,Great Yarmouth,Black Population,962,122,Yorkshire and the Humber
West Midlands,West Midlands,Birmingham,Black African,66822,8486,North East
West Midlands,West Midlands,Birmingham,Black Caribbean,44718,5679,North East
East Midlands,Leicestershire,Harborough,Black Population,612,78,North East
East Midlands,Leicestershire,Blaby,Black African,980,124,North East
East Midlands,Leicestershire,Blaby,Black Caribbean,440,56,North East
East Midlands,Derbyshire,High Peak,Black Population,189,24,West Midlands
North West,Blackburn with Darwen,Blackburn with Darwen,Black African,1061,135,West Midlands
North West,Blackburn with Darwen,Blackburn with Darwen,Black Caribbean,170,22,West Midlands
East Midlands,Leicestershire,Hinckley and Bosworth,Black Population,610,77,West Midlands
North West,Blackpool,Blackpool,Black African,449,57,West Midlands
North West,Blackpool,Blackpool,Black Caribbean,175,22,West Midlands
East Midlands,Lincolnshire,King's Lynn and West Norfolk,Black Population,661,84,West Midlands
Wales,Blaenau Gwent,Blaenau Gwent,Black African,76,10,Yorkshire and the Humber
Wales,Blaenau Gwent,Blaenau Gwent,Black Caribbean,29,4,Yorkshire and the Humber
East Midlands,Leicester,Leicester,Black Population,26002,3302,Yorkshire and the Humber
East Midlands,Derbyshire,Bolsover,Black African,246,31,Yorkshire and the Humber
East Midlands,Derbyshire,Bolsover,Black Caribbean,111,14,Yorkshire and the Humber
East Midlands,Lincolnshire,Lincoln,Black Population,1330,169,North East
North West,Greater Manchester,Bolton,Black African,9299,1181,North East
North West,Greater Manchester,Bolton,Black Caribbean,603,77,North East
East Midlands,Nottinghamshire,Mansfield,Black Population,1018,129,North East
East Midlands,Lincolnshire,Boston,Black African,357,45,North East
East Midlands,Lincolnshire,Boston,Black Caribbean,57,7,North East
East Midlands,Leicestershire,Melton,Black Population,170,22,North East
South West,Dorset,"Bournemouth, Christchurch and Poole",Black African,2833,360,North West
South West,Dorset,"Bournemouth, Christchurch and Poole",Black Caribbean,917,116,North West
East Midlands,Nottinghamshire,Newark and Sherwood,Black Population,656,83,North West
South East,Bracknell Forest,Bracknell Forest,Black African,2072,263,North West
South East,Bracknell Forest,Bracknell Forest,Black Caribbean,554,70,North West
East Midlands,Derbyshire,North East Derbyshire,Black Population,277,35,North West
Yorkshire and the Humber,West Yorkshire,Bradford,Black African,7061,897,Yorkshire and the Humber
Yorkshire and the Humber,West Yorkshire,Bradford,Black Caribbean,2614,332,Yorkshire and the Humber
East Midlands,Lincolnshire,North Kesteven,Black Population,343,44,Yorkshire and the Humber
East of England,Essex,Braintree,Black African,1205,153,Yorkshire and the Humber
East of England,Essex,Braintree,Black Caribbean,442,56,Yorkshire and the Humber
East Midlands,Lincolnshire,North Norfolk,Black Population,155,20,East Midlands
East Midlands,Lincolnshire,Breckland,Black African,387,49,East Midlands
East Midlands,Lincolnshire,Breckland,Black Caribbean,233,30,East Midlands
East Midlands,North Northamptonshire,North Northamptonshire,Black Population,9362,1189,East Midlands
London,Greater London,Brent,Black African,31070,3946,East of England
London,Greater London,Brent,Black Caribbean,21258,2700,West Midlands
East Midlands,Leicestershire,North West Leicestershire,Black Population,567,72,West Midlands
East of England,Essex,Brentwood,Black African,1164,148,West Midlands
East of England,Essex,Brentwood,Black Caribbean,368,47,West Midlands
East Midlands,Lincolnshire,Norwich,Black Population,3202,407,South West
Wales,Bridgend,Bridgend,Black African,257,33,South West
Wales,Bridgend,Bridgend,Black Caribbean,98,12,South West
East Midlands,Nottingham,Nottingham,Black Population,28079,3566,South West
South East,Brighton and Hove,Brighton and Hove,Black African,3949,502,South West
South East,Brighton and Hove,Brighton and Hove,Black Caribbean,988,125,South West
East Midlands,Leicestershire,Oadby and Wigston,Black Population,1119,142,South West
South West,Bristol,"Bristol, City of",Black African,18149,2305,South West
South West,Bristol,"Bristol, City of",Black Caribbean,6803,864,South West
East Midlands,Nottinghamshire,Rushcliffe,Black Population,972,123,South West
East Midlands,Lincolnshire,Broadland,Black African,474,60,South West
East Midlands,Lincolnshire,Broadland,Black Caribbean,95,12,East of England
East Midlands,Rutland,Rutland,Black Population,464,59,East of England
London,Greater London,Bromley,Black African,13193,1676,East of England
London,Greater London,Bromley,Black Caribbean,8169,1037,East of England
East Midlands,Derbyshire,South Derbyshire,Black Population,759,96,East of England
West Midlands,Worchestershire,Bromsgrove,Black Caribbean,375,48,East of England
West Midlands,Worchestershire,Bromsgrove,Black African,278,35,South East
East Midlands,Lincolnshire,South Holland,Black Population,442,56,South East
East of England,Hertfordshire,Broxbourne,Black African,3802,483,South East
East of England,Hertfordshire,Broxbourne,Black Caribbean,1966,250,South East
East Midlands,Lincolnshire,South Kesteven,Black Population,774,98,South East
East Midlands,Nottinghamshire,Broxtowe,Black African,1129,143,South East
East Midlands,Nottinghamshire,Broxtowe,Black Caribbean,522,66,South East
East Midlands,Lincolnshire,South Norfolk,Black Population,1029,131,South East
South East,Buckinghamshire,Buckinghamshire,Black African,6811,865,South East
South East,Buckinghamshire,Buckinghamshire,Black Caribbean,5668,720,South East
East Midlands,Lincolnshire,West Lindsey,Black Population,289,37,South East
North West,Lancashire,Burnley,Black African,180,23,South East
North West,Lancashire,Burnley,Black Caribbean,95,12,South East
East Midlands,West Northamptonshire,West Northamptonshire,Black Population,17951,2280,South East
North West,Greater Manchester,Bury,Black African,2520,320,South East
North West,Greater Manchester,Bury,Black Caribbean,701,89,South East
East of England,Suffolk,Babergh,Black Population,411,52,East of England
Wales,Coerphilly,Caerphilly,Black African,129,16,East of England
Wales,Coerphilly,Caerphilly,Black Caribbean,93,12,East of England
East of England,Essex,Basildon,Black Population,7681,975,East of England
Yorkshire and the Humber,West Yorkshire,Calderdale,Black African,847,108,East of England
Yorkshire and the Humber,West Yorkshire,Calderdale,Black Caribbean,400,51,North West
East of England,Bedford,Bedford,Black Population,8675,1102,North West
East of England,Cambridgeshire,Cambridge,Black African,2519,320,North West
East of England,Cambridgeshire,Cambridge,Black Caribbean,639,81,North West
East of England,Essex,Braintree,Black Population,1647,209,North West
London,Greater London,Camden,Black African,14191,1802,North West
London,Greater London,Camden,Black Caribbean,2703,343,East Midlands
East of England,Essex,Brentwood,Black Population,1532,195,East Midlands
West Midlands,Staffordshire,Cannock Chase,Black Caribbean,212,27,East Midlands
West Midlands,Staffordshire,Cannock Chase,Black African,194,25,East Midlands
East of England,Hertfordshire,Broxbourne,Black Population,5768,733,East Midlands
South East,Kent,Canterbury,Black African,2928,372,East Midlands
South East,Kent,Canterbury,Black Caribbean,647,82,East Midlands
East of England,Cambridgeshire,Cambridge,Black Population,3158,401,East Midlands
Wales,Cardiff,Cardiff,Black African,10587,1345,South West
Wales,Cardiff,Cardiff,Black Caribbean,1350,171,South West
East of England,Essex,Castle Point,Black Population,1017,129,South West
North West,Cumbria,Carlisle,Black African,273,35,South West
North West,Cumbria,Carlisle,Black Caribbean,42,5,South West
East of England,Central Bedfordshire,Central Bedfordshire,Black Population,6090,773,South West
Wales,Carmarthenshire,Carmarthenshire,Black African,248,31,South West
Wales,Carmarthenshire,Carmarthenshire,Black Caribbean,138,18,South West
East of England,Essex,Chelmsford,Black Population,4169,529,South West
East of England,Essex,Castle Point,Black African,827,105,South West
East of England,Essex,Castle Point,Black Caribbean,190,24,South West
East of England,Essex,Colchester,Black Population,5865,745,South West
East of England,Central Bedfordshire,Central Bedfordshire,Black African,3942,501,South West
East of England,Central Bedfordshire,Central Bedfordshire,Black Caribbean,2148,273,South West
East of England,Hertfordshire,Dacorum,Black Population,3845,488,South East
Wales,Ceredigion,Ceredigion,Black African,252,32,South East
Wales,Ceredigion,Ceredigion,Black Caribbean,74,9,South East
East of England,Cambridgeshire,East Cambridgeshire,Black Population,579,74,South East
East Midlands,Leicestershire,Charnwood,Black African,2081,264,South East
East Midlands,Leicestershire,Charnwood,Black Caribbean,518,66,East of England
East of England,Hertfordshire,East Hertfordshire,Black Population,1702,216,East of England
East of England,Essex,Chelmsford,Black African,3373,428,East of England
East of England,Essex,Chelmsford,Black Caribbean,796,101,East of England
East of England,Suffolk,East Suffolk,Black Population,1134,144,East of England
South West,Gloucestershire,Cheltenham,Black African,813,103,East of England
South West,Gloucestershire,Cheltenham,Black Caribbean,217,28,East of England
East of England,Essex,Epping Forest,Black Population,3379,429,East of England
South East,Oxfordshire,Cherwell,Black African,1731,220,East of England
South East,Oxfordshire,Cherwell,Black Caribbean,690,88,East of England
East of England,Cambridgeshire,Fenland,Black Population,678,86,East of England
North West,Cheshire East,Cheshire East,Black African,1472,187,East of England
North West,Cheshire East,Cheshire East,Black Caribbean,608,77,South West
East of England,Essex,Harlow,Black Population,5065,643,South West
North West,Cheshire West and Chester,Cheshire West and Chester,Black African,1515,192,South West
North West,Cheshire West and Chester,Cheshire West and Chester,Black Caribbean,373,47,South West
East of England,Hertfordshire,"Herefordshire, County of",Black Population,490,62,South West
East Midlands,Derbyshire,Chesterfield,Black African,444,56,South West
East Midlands,Derbyshire,Chesterfield,Black Caribbean,260,33,South East
East of England,Hertfordshire,Hertsmere,Black Population,4603,585,South East
South East,West Sussex,Chichester,Black African,453,58,South East
South East,West Sussex,Chichester,Black Caribbean,218,28,South East
East of England,Cambridgeshire,Huntingdonshire,Black Population,2249,286,South East
North West,Lancashire,Chorley,Black African,308,39,South East
North West,Lancashire,Chorley,Black Caribbean,247,31,South East
East of England,Suffolk,Ipswich,Black Population,3991,507,South East
London,Greater London,City of London,Black African,153,19,South East
London,Greater London,City of London,Black Caribbean,54,7,South East
East of England,Luton,Luton,Black Population,19990,2539,East of England
East of England,Essex,Colchester,Black African,4904,623,East of England
East of England,Essex,Colchester,Black Caribbean,961,122,East of England
East of England,Essex,Maldon,Black Population,195,25,East of England
Wales,Conwy,Conwy,Black African,162,21,East of England
Wales,Conwy,Conwy,Black Caribbean,60,8,East of England
East of England,Suffolk,Mid Suffolk,Black Population,440,56,East of England
North West,Cumbria,Copeland,Black African,141,18,East of England
North West,Cumbria,Copeland,Black Caribbean,34,4,East of England
East of England,Hertfordshire,North Hertfordshire,Black Population,2789,354,East of England
South West,Cornwall,Cornwall,Black African,574,73,East of England
South West,Cornwall,Cornwall,Black Caribbean,302,38,South East
East of England,Peterborough,Peterborough,Black Population,7644,971,South East
South West,Gloucestershire,Cotswold,Black African,261,33,South East
South West,Gloucestershire,Cotswold,Black Caribbean,78,10,South East
East of England,Essex,Rochford,Black Population,542,69,South East
North East,Durham,County Durham,Black African,1202,153,South East
North East,Durham,County Durham,Black Caribbean,284,36,South East
East of England,Cambridgeshire,South Cambridgeshire,Black Population,1772,225,South East
West Midlands,West Midlands,Coventry,Black African,24109,3062,South East
West Midlands,West Midlands,Coventry,Black Caribbean,3459,439,South East
East of England,Southend-on-Sea,Southend-on-Sea,Black Population,4429,562,South East
Yorkshire and the Humber,North Yorkshire,Craven,Black African,47,6,South East
Yorkshire and the Humber,North Yorkshire,Craven,Black Caribbean,22,3,North West
East of England,Hertfordshire,St Albans,Black Population,2726,346,North West
South East,West Sussex,Crawley,Black African,3296,419,North West
South East,West Sussex,Crawley,Black Caribbean,683,87,North West
East of England,Hertfordshire,Stevenage,Black Population,3790,481,North West
London,Greater London,Croydon,Black African,40219,5108,North West
London,Greater London,Croydon,Black Caribbean,36108,4586,North West
East of England,Essex,Tendring,Black Population,777,99,North West
East of England,Hertfordshire,Dacorum,Black African,2822,358,North West
East of England,Hertfordshire,Dacorum,Black Caribbean,1023,130,North West
East of England,Hertfordshire,Three Rivers,Black Population,1981,252,North West
North East,Darlington,Darlington,Black African,456,58,North West
North East,Darlington,Darlington,Black Caribbean,135,17,East Midlands
East of England,Thurrock,Thurrock,Black Population,18345,2330,East Midlands
South East,Kent,Dartford,Black African,9812,1246,East Midlands
South East,Kent,Dartford,Black Caribbean,1141,145,East Midlands
East of England,Essex,Uttlesford,Black Population,584,74,East Midlands
Wales,Denbighshire,Denbighshire,Black African,179,23,East Midlands
Wales,Denbighshire,Denbighshire,Black Caribbean,44,6,East Midlands
East of England,Hertfordshire,Watford,Black Population,5687,722,East Midlands
East Midlands,Derby,Derby,Black African,6110,776,East Midlands
East Midlands,Derby,Derby,Black Caribbean,3056,388,East Midlands
East of England,Hertfordshire,Welwyn Hatfield,Black Population,6622,841,East Midlands
East Midlands,Derbyshire,Derbyshire Dales,Black Caribbean,71,9,East Midlands
East Midlands,Derbyshire,Derbyshire Dales,Black African,57,7,East Midlands
East of England,Suffolk,West Suffolk,Black Population,1873,238,East Midlands
Yorkshire and the Humber,South Yorkshire,Doncaster,Black African,2527,321,East Midlands
Yorkshire and the Humber,South Yorkshire,Doncaster,Black Caribbean,672,85,East Midlands
East of England,Hampshire,Winchester,Black Population,698,89,East Midlands
South West,Dorset,Dorset,Black African,605,77,East Midlands
South West,Dorset,Dorset,Black Caribbean,296,38,East Midlands
London,Greater London,Barking and Dagenham,Black Population,40925,5197,East Midlands
South East,Kent,Dover,Black African,546,69,East Midlands
South East,Kent,Dover,Black Caribbean,176,22,East Midlands
London,Greater London,Barnet,Black Population,27621,3508,East Midlands
West Midlands,West Midlands,Dudley,Black Caribbean,3625,460,East Midlands
West Midlands,West Midlands,Dudley,Black African,3499,444,East Midlands
London,Greater London,Bexley,Black Population,26492,3364,East Midlands
London,Greater London,Ealing,Black African,22578,2867,East Midlands
London,Greater London,Ealing,Black Caribbean,12898,1638,East Midlands
London,Greater London,Brent,Black Population,52328,6646,Yorkshire and the Humber
East of England,Cambridgeshire,East Cambridgeshire,Black African,460,58,Yorkshire and the Humber
East of England,Cambridgeshire,East Cambridgeshire,Black Caribbean,119,15,Yorkshire and the Humber
London,Greater London,Bromley,Black Population,21362,2713,Yorkshire and the Humber
South West,Devon,East Devon,Black African,202,26,Yorkshire and the Humber
South West,Devon,East Devon,Black Caribbean,99,13,Yorkshire and the Humber
London,Greater London,Camden,Black Population,16894,2146,Yorkshire and the Humber
South East,Hampshire,East Hampshire,Black African,446,57,East Midlands
South East,Hampshire,East Hampshire,Black Caribbean,134,17,East Midlands
London,Greater London,City of London,Black Population,207,26,East Midlands
East of England,Hertfordshire,East Hertfordshire,Black African,1206,153,East Midlands
East of England,Hertfordshire,East Hertfordshire,Black Caribbean,496,63,East Midlands
London,Greater London,Croydon,Black Population,76327,9694,East Midlands
East Midlands,Lincolnshire,East Lindsey,Black African,148,19,East Midlands
East Midlands,Lincolnshire,East Lindsey,Black Caribbean,108,14,South East
London,Greater London,Ealing,Black Population,35476,4505,South East
Yorkshire and the Humber,East Riding of Yorkshire,East Riding of Yorkshire,Black African,617,78,South East
Yorkshire and the Humber,East Riding of Yorkshire,East Riding of Yorkshire,Black Caribbean,173,22,South East
London,Greater London,Enfield,Black Population,53453,6789,South East
West Midlands,Staffordshire,East Staffordshire,Black African,713,91,South West
West Midlands,Staffordshire,East Staffordshire,Black Caribbean,487,62,South West
London,Greater London,Greenwich,Black Population,52909,6719,South West
East of England,Suffolk,East Suffolk,Black African,712,90,South West
East of England,Suffolk,East Suffolk,Black Caribbean,422,54,South West
London,Greater London,Hackney,Black Population,47381,6017,West Midlands
South East,East Sussex,Eastbourne,Black African,883,112,West Midlands
South East,East Sussex,Eastbourne,Black Caribbean,259,33,West Midlands
London,Greater London,Hammersmith and Fulham,Black Population,19869,2523,West Midlands
South East,Hampshire,Eastleigh,Black African,949,121,West Midlands
South East,Hampshire,Eastleigh,Black Caribbean,179,23,West Midlands
London,Greater London,Haringey,Black Population,41194,5232,West Midlands
North West,Cumbria,Eden,Black African,50,6,West Midlands
North West,Cumbria,Eden,Black Caribbean,27,3,East of England
London,Greater London,Harrow,Black Population,17098,2171,East of England
South East,Surrey,Elmbridge,Black African,1135,144,East of England
South East,Surrey,Elmbridge,Black Caribbean,388,49,East of England
London,Greater London,Havering,Black Population,18970,2409,East of England
London,Greater London,Enfield,Black African,36463,4631,East of England
London,Greater London,Enfield,Black Caribbean,16990,2158,East of England
London,Greater London,Hillingdon,Black Population,21596,2743,South East
East of England,Essex,Epping Forest,Black African,1941,247,South East
East of England,Essex,Epping Forest,Black Caribbean,1438,183,South East
London,Greater London,Hounslow,Black Population,18468,2345,South East
South East,Surrey,Epsom and Ewell,Black African,970,123,South East
South East,Surrey,Epsom and Ewell,Black Caribbean,353,45,South East
London,Greater London,Islington,Black Population,25459,3233,South East
East Midlands,Derbyshire,Erewash,Black Caribbean,405,51,South East
East Midlands,Derbyshire,Erewash,Black African,347,44,South East
London,Greater London,Kensington and Chelsea,Black Population,10181,1293,South East
South West,Devon,Exeter,Black African,893,113,South East
South West,Devon,Exeter,Black Caribbean,137,17,West Midlands
London,Greater London,Kingston upon Thames,Black Population,4186,532,West Midlands
South East,Hampshire,Fareham,Black African,403,51,West Midlands
South East,Hampshire,Fareham,Black Caribbean,181,23,West Midlands
London,Greater London,Lambeth,Black Population,66350,8426,West Midlands
East of England,Cambridgeshire,Fenland,Black African,455,58,South East
East of England,Cambridgeshire,Fenland,Black Caribbean,223,28,South East
London,Greater London,Lewisham,Black Population,69717,8854,South East
Wales,Flintshire,Flintshire,Black African,174,22,South East
Wales,Flintshire,Flintshire,Black Caribbean,62,8,South East
London,Greater London,Merton,Black Population,19850,2521,South East
South East,Kent,Folkestone and Hythe,Black African,385,49,South East
South East,Kent,Folkestone and Hythe,Black Caribbean,203,26,West Midlands
London,Greater London,Newham,Black Population,54460,6916,West Midlands
South West,Gloucestershire,Forest of Dean,Black African,117,15,West Midlands
South West,Gloucestershire,Forest of Dean,Black Caribbean,82,10,West Midlands
London,Greater London,Redbridge,Black Population,23025,2924,West Midlands
North West,Lancashire,Fylde,Black African,189,24,West Midlands
North West,Lancashire,Fylde,Black Caribbean,66,8,Wales
London,Greater London,Richmond upon Thames,Black Population,3196,406,Wales
North East,Tyne and Wear,Gateshead,Black African,1852,235,Wales
North East,Tyne and Wear,Gateshead,Black Caribbean,109,14,Wales
London,Greater London,Southwark,Black Population,66476,8442,Wales
East Midlands,Nottinghamshire,Gedling,Black Caribbean,1263,160,South West
East Midlands,Nottinghamshire,Gedling,Black African,1026,130,East of England
London,Greater London,Sutton,Black Population,10891,1383,Wales
South West,Gloucestershire,Gloucester,Black African,2149,273,Wales
South West,Gloucestershire,Gloucester,Black Caribbean,1912,243,South East
London,Greater London,Tower Hamlets,Black Population,20303,2578,Wales
South East,Hampshire,Gosport,Black African,439,56,East of England
South East,Hampshire,Gosport,Black Caribbean,405,51,Wales
London,Greater London,Waltham Forest,Black Population,36346,4616,Wales
South East,Kent,Gravesham,Black African,5235,665,Wales
South East,Kent,Gravesham,Black Caribbean,847,108,Wales
London,Greater London,Wandsworth,Black Population,28686,3643,Wales
East Midlands,Lincolnshire,Great Yarmouth,Black African,857,109,Yorkshire and the Humber
East Midlands,Lincolnshire,Great Yarmouth,Black Caribbean,105,13,East Midlands
London,Greater London,Westminster,Black Population,14758,1874,Wales
London,Greater London,Greenwich,Black African,44185,5611,East Midlands
London,Greater London,Greenwich,Black Caribbean,8724,1108,Wales
North East,Durham,County Durham,Black Population,1486,189,Wales
South East,Surrey,Guildford,Black African,1531,194,Wales
South East,Surrey,Guildford,Black Caribbean,357,45,Wales
North East,Darlington,Darlington,Black Population,591,75,South West
Wales,Gwynedd,Gwynedd,Black African,373,47,Wales
Wales,Gwynedd,Gwynedd,Black Caribbean,82,10,Unknown
North East,Tyne and Wear,Gateshead,Black Population,1961,249,Unknown
London,Greater London,Hackney,Black African,29478,3744,Unknown
London,Greater London,Hackney,Black Caribbean,17903,2274,Unknown
North East,Hartlepool,Hartlepool,Black Population,384,49,Unknown
North West,Halton,Halton,Black African,293,37,Unknown
North West,Halton,Halton,Black Caribbean,84,11,Unknown
North East,Middlesbrough,Middlesbrough,Black Population,3501,445,Unknown
Yorkshire and the Humber,North Yorkshire,Hambleton,Black African,122,15,Unknown
Yorkshire and the Humber,North Yorkshire,Hambleton,Black Caribbean,56,7,Unknown
North East,Tyne and Wear,Newcastle upon Tyne,Black Population,8895,1130,Unknown
London,Greater London,Hammersmith and Fulham,Black African,13243,1682,Unknown
London,Greater London,Hammersmith and Fulham,Black Caribbean,6626,842,Unknown
North East,Tyne and Wear,North Tyneside,Black Population,1122,142,Unknown
East Midlands,Leicestershire,Harborough,Black African,411,52,Unknown
East Midlands,Leicestershire,Harborough,Black Caribbean,201,26,Unknown
North East,Northumberland,Northumberland,Black Population,524,67,Unknown
London,Greater London,Haringey,Black African,24855,3157,Unknown
London,Greater London,Haringey,Black Caribbean,16339,2075,Unknown
North East,Redcar and Cleveland,Redcar and Cleveland,Black Population,230,29,Unknown
East of England,Essex,Harlow,Black African,4156,528,Unknown
East of England,Essex,Harlow,Black Caribbean,909,115,Unknown
North East,Tyne and Wear,South Tyneside,Black Population,684,87,Unknown
Yorkshire and the Humber,North Yorkshire,Harrogate,Black African,688,87,Unknown
Yorkshire and the Humber,North Yorkshire,Harrogate,Black Caribbean,211,27,Unknown
North East,Stockton-on-Tees,Stockton-on-Tees,Black Population,1953,248,Unknown
London,Greater London,Harrow,Black African,10584,1344,Unknown
London,Greater London,Harrow,Black Caribbean,6514,827,Unknown
North East,Tyne and Wear,Sunderland,Black Population,2437,309,Unknown
South East,Hampshire,Hart,Black African,514,65,Unknown
South East,Hampshire,Hart,Black Caribbean,225,29,Unknown
North West,Cumbria,Allerdale,Black Population,78,10,Unknown
North East,Hartlepool,Hartlepool,Black African,327,42,Unknown
North East,Hartlepool,Hartlepool,Black Caribbean,57,7,Unknown
North West,Cumbria,Borrow-in-Furness,Black Population,237,30,Unknown
South East,East Sussex,Hastings,Black African,782,99,Unknown
South East,East Sussex,Hastings,Black Caribbean,304,39,Unknown
North West,Blackburn with Darwen,Blackburn with Darwen,Black Population,1231,156,Unknown
South East,Hampshire,Havant,Black African,463,59,Unknown
South East,Hampshire,Havant,Black Caribbean,155,20,Unknown
North West,Blackpool,Blackpool,Black Population,624,79,Unknown
London,Greater London,Havering,Black African,14138,1796,Unknown
London,Greater London,Havering,Black Caribbean,4832,614,Unknown
North West,Greater Manchester,Bolton,Black Population,9902,1258,Unknown
East of England,Hertfordshire,"Herefordshire, County of",Black African,340,43,Unknown
East of England,Hertfordshire,"Herefordshire, County of",Black Caribbean,150,19,Unknown
North West,Lancashire,Burnley,Black Population,275,35,Unknown
East of England,Hertfordshire,Hertsmere,Black African,3713,472,Unknown
East of England,Hertfordshire,Hertsmere,Black Caribbean,890,113,Unknown
North West,Greater Manchester,Bury,Black Population,3221,409,Unknown
East Midlands,Derbyshire,High Peak,Black African,119,15,Unknown
East Midlands,Derbyshire,High Peak,Black Caribbean,70,9,Unknown
North West,Cumbria,Cartisle,Black Population,315,40,Unknown
London,Greater London,Hillingdon,Black African,15844,2012,Unknown
London,Greater London,Hillingdon,Black Caribbean,5752,731,Unknown
North West,Cheshire East,Cheshire East,Black Population,2080,264,Unknown
East Midlands,Leicestershire,Hinckley and Bosworth,Black African,423,54,Unknown
East Midlands,Leicestershire,Hinckley and Bosworth,Black Caribbean,187,24,Unknown
North West,Cheshire West and Chester,Cheshire West and Chester,Black Population,1888,240,Unknown
South East,West Sussex,Horsham,Black African,895,114,Unknown
South East,West Sussex,Horsham,Black Caribbean,256,33,Unknown
North West,Lancashire,Chorley,Black Population,555,70,Unknown
London,Greater London,Hounslow,Black African,14895,1892,Unknown
London,Greater London,Hounslow,Black Caribbean,3573,454,Unknown
North West,Cumbria,Copeland,Black Population,175,22,Unknown
East of England,Cambridgeshire,Huntingdonshire,Black African,1766,224,Unknown
East of England,Cambridgeshire,Huntingdonshire,Black Caribbean,483,61,Unknown
North West,Cumbria,Eden,Black Population,77,10,Unknown
North West,Lancashire,Hyndburn,Black African,160,20,Unknown
North West,Lancashire,Hyndburn,Black Caribbean,40,5,Unknown
North West,Lancashire,Fylde,Black Population,255,32,Unknown
East of England,Suffolk,Ipswich,Black African,2483,315,Unknown
East of England,Suffolk,Ipswich,Black Caribbean,1508,192,Unknown
North West,Halton,Halton,Black Population,377,48,Unknown
Wales,Isle of Anglesey,Isle of Anglesey,Black African,68,9,Unknown
Wales,Isle of Anglesey,Isle of Anglesey,Black Caribbean,17,2,Unknown
North West,Lancashire,Hyndburn,Black Population,200,25,Unknown
South East,Isle of Wight,Isle of Wight,Black African,296,38,Unknown
South East,Isle of Wight,Isle of Wight,Black Caribbean,128,16,Unknown
North West,Merseyside,Knowsley,Black Population,1094,139,Unknown
South West,Isles of Scilly,Isles of Scilly,Black African,2,0,Unknown
South West,Isles of Scilly,Isles of Scilly,Black Caribbean,2,0,Unknown
North West,Lancashire,Lancaster,Black Population,1144,145,Unknown
London,Greater London,Islington,Black African,18091,2298,Unknown
London,Greater London,Islington,Black Caribbean,7368,936,Unknown
North West,Merseyside,Liverpool,Black Population,14202,1804,Unknown
London,Greater London,Kensington and Chelsea,Black African,6944,882,Unknown
London,Greater London,Kensington and Chelsea,Black Caribbean,3237,411,Unknown
North West,Greater Manchester,Manchester,Black Population,58330,7408,Unknown
East Midlands,Lincolnshire,King's Lynn and West Norfolk,Black African,518,66,Unknown
East Midlands,Lincolnshire,King's Lynn and West Norfolk,Black Caribbean,143,18,Unknown
North West,Greater Manchester,Oldham,Black Population,6941,882,Unknown
Yorkshire and the Humber,Kingston upon Hull,"Kingston upon Hull, City of",Black African,4292,545,Unknown
Yorkshire and the Humber,Kingston upon Hull,"Kingston upon Hull, City of",Black Caribbean,232,29,Unknown
North West,Lancashire,Pendle,Black Population,225,29,Unknown
London,Greater London,Kingston upon Thames,Black African,3105,394,Unknown
London,Greater London,Kingston upon Thames,Black Caribbean,1081,137,Unknown
North West,Lancashire,Preston,Black Population,3182,404,Unknown
Yorkshire and the Humber,West Yorkshire,Kirklees,Black Caribbean,4324,549,Unknown
Yorkshire and the Humber,West Yorkshire,Kirklees,Black African,4180,531,Unknown
North West,Lancashire,Ribble Valley,Black Population,111,14,Unknown
North West,Merseyside,Knowsley,Black African,964,122,Unknown
North West,Merseyside,Knowsley,Black Caribbean,130,17,Unknown
North West,Greater Manchester,Rochdale,Black Population,6916,878,Unknown
London,Greater London,Lambeth,Black African,37359,4745,Unknown
London,Greater London,Lambeth,Black Caribbean,28991,3682,Unknown
North West,Lancashire,Rossendale,Black Population,147,19,Unknown
North West,Lancashire,Lancaster,Black African,1019,129,Unknown
North West,Lancashire,Lancaster,Black Caribbean,125,16,Unknown
North West,Greater Manchester,Salford,Black Population,14815,1882,Unknown
Yorkshire and the Humber,West Yorkshire,Leeds,Black African,32211,4091,Unknown
Yorkshire and the Humber,West Yorkshire,Leeds,Black Caribbean,7889,1002,Unknown
North West,Merseyside,Sefton,Black Population,1314,167,Unknown
East Midlands,Leicester,Leicester,Black African,21536,2735,Unknown
East Midlands,Leicester,Leicester,Black Caribbean,4466,567,Unknown
North West,Cumbria,South Lakeland,Black Population,222,28,Unknown
South East,East Sussex,Lewes,Black African,436,55,Unknown
South East,East Sussex,Lewes,Black Caribbean,182,23,Unknown
North West,Lancashire,South Ribble,Black Population,475,60,Unknown
London,Greater London,Lewisham,Black African,37834,4805,Unknown
London,Greater London,Lewisham,Black Caribbean,31883,4049,Unknown
North West,Merseyside,St. Helens,Black Population,661,84,Unknown
West Midlands,Staffordshire,Lichfield,Black Caribbean,316,40,Unknown
West Midlands,Staffordshire,Lichfield,Black African,201,26,Unknown
North West,Greater Manchester,Stockport,Black Population,2926,372,Unknown
East Midlands,Lincolnshire,Lincoln,Black African,1094,139,Unknown
East Midlands,Lincolnshire,Lincoln,Black Caribbean,236,30,Unknown
North West,Greater Manchester,Tameside,Black Population,4727,600,Unknown
North West,Merseyside,Liverpool,Black African,12709,1614,Unknown
North West,Merseyside,Liverpool,Black Caribbean,1493,190,Unknown
North West,Greater Manchester,Trafford,Black Population,7078,899,Unknown
East of England,Luton,Luton,Black African,11774,1495,Unknown
East of England,Luton,Luton,Black Caribbean,8216,1043,Unknown
North West,Warrington,Warrington,Black Population,1352,172,Unknown
South East,Kent,Maidstone,Black African,2567,326,Unknown
South East,Kent,Maidstone,Black Caribbean,643,82,Unknown
North West,Lancashire,West Lancashire,Black Population,345,44,Unknown
East of England,Essex,Maldon,Black African,119,15,Unknown
East of England,Essex,Maldon,Black Caribbean,76,10,Unknown
North West,Greater Manchester,Wigan,Black Population,3412,433,Unknown
West Midlands,Worchestershire,Malvern Hills,Black African,162,21,Unknown
West Midlands,Worchestershire,Malvern Hills,Black Caribbean,68,9,Unknown
North West,Merseyside,Wirral,Black Population,1184,150,Unknown
North West,Greater Manchester,Manchester,Black African,47858,6078,Unknown
North West,Greater Manchester,Manchester,Black Caribbean,10472,1330,Unknown
North West,Lancashire,Wyre,Black Population,236,30,Unknown
East Midlands,Nottinghamshire,Mansfield,Black African,755,96,Unknown
East Midlands,Nottinghamshire,Mansfield,Black Caribbean,263,33,Unknown
South East,West Sussex,Adur,Black Population,469,60,Unknown
South East,Medway,Medway,Black African,11266,1431,Unknown
South East,Medway,Medway,Black Caribbean,2552,324,Unknown
South East,West Sussex,Arun,Black Population,721,92,Unknown
East Midlands,Leicestershire,Melton,Black African,103,13,Unknown
East Midlands,Leicestershire,Melton,Black Caribbean,67,9,Unknown
South East,Kent,Ashford,Black Population,3076,391,Unknown
South West,Somerset,Mendip,Black African,230,29,Unknown
South West,Somerset,Mendip,Black Caribbean,90,11,Unknown
South East,Hampshire,Bosingstake and Deane,Black Population,3194,406,Unknown
Wales,Merthyr Tydfil,Merthyr Tydfil,Black African,59,7,Unknown
Wales,Merthyr Tydfil,Merthyr Tydfil,Black Caribbean,13,2,Unknown
South East,Bracknell Forest,Bracknell Forest,Black Population,2626,334,Unknown
London,Greater London,Merton,Black African,12218,1552,Unknown
London,Greater London,Merton,Black Caribbean,7632,969,Unknown
South East,Brighton and Hove,Brighton and Hove,Black Population,4937,627,Unknown
South West,Devon,Mid Devon,Black African,63,8,Unknown
South West,Devon,Mid Devon,Black Caribbean,22,3,Unknown
South East,Buckinghamshire,Buckinghamshire,Black Population,12479,1585,Unknown
East of England,Suffolk,Mid Suffolk,Black African,274,35,Unknown
East of England,Suffolk,Mid Suffolk,Black Caribbean,166,21,Unknown
South East,Kent,Canterbury,Black Population,3575,454,Unknown
South East,West Sussex,Mid Sussex,Black African,871,111,Unknown
South East,West Sussex,Mid Sussex,Black Caribbean,309,39,Unknown
South East,Oxfordshire,Cherwell,Black Population,2421,307,Unknown
North East,Middlesbrough,Middlesbrough,Black African,3339,424,Unknown
North East,Middlesbrough,Middlesbrough,Black Caribbean,162,21,Unknown
South East,West Sussex,Chichester,Black Population,671,85,Unknown
South East,Milton Keynes,Milton Keynes,Black African,21502,2731,Unknown
South East,Milton Keynes,Milton Keynes,Black Caribbean,2975,378,Unknown
South East,West Sussex,Crawley,Black Population,3979,505,Unknown
South East,Surrey,Mole Valley,Black African,450,57,Unknown
South East,Surrey,Mole Valley,Black Caribbean,170,22,Unknown
South East,Kent,Dartford,Black Population,10953,1391,Unknown
Wales,Monmouthshire,Monmouthshire,Black African,132,17,Unknown
Wales,Monmouthshire,Monmouthshire,Black Caribbean,62,8,Unknown
South East,Kent,Dover,Black Population,722,92,Unknown
Wales,Neath Port Talbot,Neath Port Talbot,Black African,274,35,Unknown
Wales,Neath Port Talbot,Neath Port Talbot,Black Caribbean,148,19,Unknown
South East,Hampshire,East Hampshire,Black Population,580,74,Unknown
South East,Hampshire,New Forest,Black African,399,51,Unknown
South East,Hampshire,New Forest,Black Caribbean,162,21,Unknown
South East,East Sussex,Eastbourne,Black Population,1142,145,Unknown
East Midlands,Nottinghamshire,Newark and Sherwood,Black African,431,55,Unknown
East Midlands,Nottinghamshire,Newark and Sherwood,Black Caribbean,225,29,Unknown
South East,Hampshire,Eastleigh,Black Population,1128,143,Unknown
North East,Tyne and Wear,Newcastle upon Tyne,Black African,8555,1086,Unknown
North East,Tyne and Wear,Newcastle upon Tyne,Black Caribbean,340,43,Unknown
South East,Surrey,Elmbridge,Black Population,1523,193,Unknown
West Midlands,Staffordshire,Newcastle-under-Lyme,Black African,931,118,Unknown
West Midlands,Staffordshire,Newcastle-under-Lyme,Black Caribbean,227,29,Unknown
South East,Surrey,Epsom and Ewell,Black Population,1323,168,Unknown
London,Greater London,Newham,Black African,40874,5191,Unknown
London,Greater London,Newham,Black Caribbean,13586,1725,Unknown
South East,Hampshire,Fareham,Black Population,584,74,Unknown
Wales,Newport,Newport,Black African,2687,341,Unknown
Wales,Newport,Newport,Black Caribbean,553,70,Unknown
South East,Kent,Folkestone and Hythe,Black Population,588,75,Unknown
South West,Devon,North Devon,Black African,179,23,Unknown
South West,Devon,North Devon,Black Caribbean,80,10,Unknown
South East,Hampshire,Gosport,Black Population,844,107,Unknown
East Midlands,Derbyshire,North East Derbyshire,Black African,170,22,Unknown
East Midlands,Derbyshire,North East Derbyshire,Black Caribbean,107,14,Unknown
South East,Kent,Gravesham,Black Population,6082,772,Unknown
Yorkshire and the Humber,North East Lincolnshire,North East Lincolnshire,Black African,644,82,Unknown
Yorkshire and the Humber,North East Lincolnshire,North East Lincolnshire,Black Caribbean,98,12,Unknown
South East,Surrey,Guildford,Black Population,1888,240,Unknown
East of England,Hertfordshire,North Hertfordshire,Black African,1458,185,Unknown
East of England,Hertfordshire,North Hertfordshire,Black Caribbean,1331,169,Unknown
South East,Hampshire,Hart,Black Population,739,94,Unknown
East Midlands,Lincolnshire,North Kesteven,Black African,239,30,Unknown
East Midlands,Lincolnshire,North Kesteven,Black Caribbean,104,13,Unknown
South East,East Sussex,Hastings,Black Population,1086,138,Unknown
Yorkshire and the Humber,North Lincolnshire,North Lincolnshire,Black African,663,84,Unknown
Yorkshire and the Humber,North Lincolnshire,North Lincolnshire,Black Caribbean,85,11,Unknown
South East,Hampshire,Havant,Black Population,618,78,Unknown
East Midlands,Lincolnshire,North Norfolk,Black African,96,12,Unknown
East Midlands,Lincolnshire,North Norfolk,Black Caribbean,59,7,Unknown
South East,West Sussex,Horsham,Black Population,1151,146,Unknown
East Midlands,North Northamptonshire,North Northamptonshire,Black African,6889,875,Unknown
East Midlands,North Northamptonshire,North Northamptonshire,Black Caribbean,2473,314,Unknown
South East,Isle of Wight,Isle of Wight,Black Population,424,54,Unknown
South West,North Somerset,North Somerset,Black African,733,93,Unknown
South West,North Somerset,North Somerset,Black Caribbean,251,32,Unknown
South East,East Sussex,Lewes,Black Population,618,78,Unknown
North East,Tyne and Wear,North Tyneside,Black African,1020,130,Unknown
North East,Tyne and Wear,North Tyneside,Black Caribbean,102,13,Unknown
South East,Kent,Maidstone,Black Population,3210,408,Unknown
West Midlands,Warwickshire,North Warwickshire,Black Caribbean,196,25,Unknown
West Midlands,Warwickshire,North Warwickshire,Black African,113,14,Unknown
South East,Medway,Medway,Black Population,13818,1755,Unknown
East Midlands,Leicestershire,North West Leicestershire,Black African,423,54,Unknown
East Midlands,Leicestershire,North West Leicestershire,Black Caribbean,144,18,Unknown
South East,West Sussex,Mid Sussex,Black Population,1180,150,Unknown
North East,Northumberland,Northumberland,Black African,400,51,Unknown
North East,Northumberland,Northumberland,Black Caribbean,124,16,Unknown
South East,Milton Keynes,Milton Keynes,Black Population,24477,3109,Unknown
East Midlands,Lincolnshire,Norwich,Black African,2807,356,Unknown
East Midlands,Lincolnshire,Norwich,Black Caribbean,395,50,Unknown
South East,Surrey,Mole Valley,Black Population,620,79,Unknown
East Midlands,Nottingham,Nottingham,Black African,18740,2380,Unknown
East Midlands,Nottingham,Nottingham,Black Caribbean,9339,1186,Unknown
South East,Hampshire,New Forest,Black Population,561,71,Unknown
West Midlands,Warwickshire,Nuneaton and Bedworth,Black African,1622,206,Unknown
West Midlands,Warwickshire,Nuneaton and Bedworth,Black Caribbean,492,62,Unknown
South East,Oxfordshire,Oxford,Black Population,6689,850,Unknown
East Midlands,Leicestershire,Oadby and Wigston,Black African,725,92,Unknown
East Midlands,Leicestershire,Oadby and Wigston,Black Caribbean,394,50,Unknown
South East,Portsmouth,Portsmouth,Black Population,6319,803,Unknown
North West,Greater Manchester,Oldham,Black African,6065,770,Unknown
North West,Greater Manchester,Oldham,Black Caribbean,876,111,Unknown
South East,Reading,Reading,Black Population,10958,1392,Unknown
South East,Oxfordshire,Oxford,Black African,5060,643,Unknown
South East,Oxfordshire,Oxford,Black Caribbean,1629,207,Unknown
South East,Surrey,Reigate and Banstead,Black Population,3878,493,Unknown
Wales,Pembrokeshire,Pembrokeshire,Black African,147,19,Unknown
Wales,Pembrokeshire,Pembrokeshire,Black Caribbean,55,7,Unknown
South East,East Sussex,Rother,Black Population,507,64,Unknown
North West,Lancashire,Pendle,Black African,174,22,Unknown
North West,Lancashire,Pendle,Black Caribbean,51,6,Unknown
South East,Surrey,Runnymede,Black Population,1450,184,Unknown
East of England,Peterborough,Peterborough,Black African,6225,791,Unknown
East of England,Peterborough,Peterborough,Black Caribbean,1419,180,Unknown
South East,Hampshire,Rushmoor,Black Population,2100,267,Unknown
South West,Plymouth,Plymouth,Black African,2022,257,Unknown
South West,Plymouth,Plymouth,Black Caribbean,460,58,Unknown
South East,Kent,Sevenoaks,Black Population,1702,216,Unknown
South East,Portsmouth,Portsmouth,Black African,5369,682,Unknown
South East,Portsmouth,Portsmouth,Black Caribbean,950,121,Unknown
South East,Slough,Slough,Black Population,10586,1344,Unknown
Wales,Powys,Powys,Black Caribbean,96,12,Unknown
Wales,Powys,Powys,Black African,74,9,Unknown
South East,Oxfordshire,South Oxfordshire,Black Population,1245,158,Unknown
North West,Lancashire,Preston,Black African,2355,299,Unknown
North West,Lancashire,Preston,Black Caribbean,827,105,Unknown
South East,Southampton,Southampton,Black Population,6730,855,Unknown
South East,Reading,Reading,Black African,7665,973,Unknown
South East,Reading,Reading,Black Caribbean,3293,418,Unknown
South East,Surrey,Spelthorne,Black Population,2294,291,Unknown
London,Greater London,Redbridge,Black African,14573,1851,Unknown
London,Greater London,Redbridge,Black Caribbean,8452,1073,Unknown
South East,Surrey,Surrey Heath,Black Population,1245,158,Unknown
North East,Redcar and Cleveland,Redcar and Cleveland,Black African,182,23,Unknown
North East,Redcar and Cleveland,Redcar and Cleveland,Black Caribbean,48,6,Unknown
South East,Kent,Swale,Black Population,2993,380,Unknown
West Midlands,Worchestershire,Redditch,Black Caribbean,550,70,Unknown
West Midlands,Worchestershire,Redditch,Black African,335,43,Unknown
South East,Surrey,Tandridge,Black Population,1681,213,Unknown
South East,Surrey,Reigate and Banstead,Black African,2878,366,Unknown
South East,Surrey,Reigate and Banstead,Black Caribbean,1000,127,Unknown
South East,Hampshire,Test Valley,Black Population,1215,154,Unknown
Wales,Rhondda Cynon Taf,Rhondda Cynon Taf,Black African,749,95,Unknown
Wales,Rhondda Cynon Taf,Rhondda Cynon Taf,Black Caribbean,116,15,Unknown
South East,Kent,Thanet,Black Population,1312,167,Unknown
North West,Lancashire,Ribble Valley,Black African,76,10,Unknown
North West,Lancashire,Ribble Valley,Black Caribbean,35,4,Unknown
South East,Kent,Tonbridge and Malling,Black Population,1151,146,Unknown
London,Greater London,Richmond upon Thames,Black African,2260,287,Unknown
London,Greater London,Richmond upon Thames,Black Caribbean,936,119,Unknown
South East,Kent,Tunbridge Wells,Black Population,1002,127,Unknown
Yorkshire and the Humber,North Yorkshire,Richmondshire,Black African,167,21,Unknown
Yorkshire and the Humber,North Yorkshire,Richmondshire,Black Caribbean,132,17,Unknown
South East,Oxfordshire,Vale of White Horse,Black Population,1953,248,Unknown
North West,Greater Manchester,Rochdale,Black African,6476,822,Unknown
North West,Greater Manchester,Rochdale,Black Caribbean,440,56,Unknown
South East,Surrey,Waverley,Black Population,782,99,Unknown
East of England,Essex,Rochford,Black African,402,51,Unknown
East of England,Essex,Rochford,Black Caribbean,140,18,Unknown
South East,East Sussex,Wealden,Black Population,567,72,Unknown
North West,Lancashire,Rossendale,Black African,89,11,Unknown
North West,Lancashire,Rossendale,Black Caribbean,58,7,Unknown
South East,West Berkshire,West Berkshire,Black Population,1722,219,Unknown
South East,East Sussex,Rother,Black African,344,44,Unknown
South East,East Sussex,Rother,Black Caribbean,163,21,Unknown
South East,Oxfordshire,West Oxfordshire,Black Population,635,81,Unknown
Yorkshire and the Humber,South Yorkshire,Rotherham,Black African,2260,287,Unknown
Yorkshire and the Humber,South Yorkshire,Rotherham,Black Caribbean,336,43,Unknown
South East,Windsor and Maidenhead,Windsor and Maidenhead,Black Population,2061,262,Unknown
West Midlands,Warwickshire,Rugby,Black African,1897,241,Unknown
West Midlands,Warwickshire,Rugby,Black Caribbean,793,101,Unknown
South East,Surrey,Woking,Black Population,1654,210,Unknown
South East,Surrey,Runnymede,Black African,1092,139,Unknown
South East,Surrey,Runnymede,Black Caribbean,358,45,Unknown
South East,Wokingham,Wokingham,Black Population,3778,480,Unknown
East Midlands,Nottinghamshire,Rushcliffe,Black African,574,73,Unknown
East Midlands,Nottinghamshire,Rushcliffe,Black Caribbean,398,51,Unknown
South East,West Sussex,Worthing,Black Population,1143,145,Unknown
South East,Hampshire,Rushmoor,Black African,1448,184,Unknown
South East,Hampshire,Rushmoor,Black Caribbean,652,83,Unknown
South West,Dorset,"Bournemouth, Christchurch and Poole",Black Population,3750,476,Unknown
East Midlands,Rutland,Rutland,Black African,251,32,Unknown
East Midlands,Rutland,Rutland,Black Caribbean,213,27,Unknown
South West,Bristol,"Bristol, City of",Black Population,24952,3169,Unknown
Yorkshire and the Humber,North Yorkshire,Ryedale,Black African,62,8,Unknown
Yorkshire and the Humber,North Yorkshire,Ryedale,Black Caribbean,19,2,Unknown
South West,Gloucestershire,Chettenham,Black Population,1030,131,Unknown
North West,Greater Manchester,Salford,Black African,13477,1712,Unknown
North West,Greater Manchester,Salford,Black Caribbean,1338,170,Unknown
South West,Cornwall,Cornwall,Black Population,876,111,Unknown
West Midlands,West Midlands,Sandwell,Black Caribbean,13103,1664,Unknown
West Midlands,West Midlands,Sandwell,Black African,12668,1609,Unknown
South West,Gloucestershire,Cotswold,Black Population,339,43,Unknown
Yorkshire and the Humber,North Yorkshire,Scarborough,Black African,268,34,Unknown
Yorkshire and the Humber,North Yorkshire,Scarborough,Black Caribbean,44,6,Unknown
South West,Dorset,Dorset,Black Population,901,114,Unknown
South West,Somerset,Sedgemoor,Black African,249,32,Unknown
South West,Somerset,Sedgemoor,Black Caribbean,90,11,Unknown
South West,Devon,East Devon,Black Population,301,38,Unknown
North West,Merseyside,Sefton,Black African,1006,128,Unknown
North West,Merseyside,Sefton,Black Caribbean,308,39,Unknown
South West,Devon,Exeter,Black Population,1030,131,Unknown
Yorkshire and the Humber,North Yorkshire,Selby,Black African,140,18,Unknown
Yorkshire and the Humber,North Yorkshire,Selby,Black Caribbean,52,7,Unknown
South West,Gloucestershire,Forest of Dean,Black Population,199,25,Unknown
South East,Kent,Sevenoaks,Black African,1332,169,Unknown
South East,Kent,Sevenoaks,Black Caribbean,370,47,Unknown
South West,Gloucestershire,Gloucester,Black Population,4061,516,Unknown
Yorkshire and the Humber,South Yorkshire,Sheffield,Black African,18237,2316,Unknown
Yorkshire and the Humber,South Yorkshire,Sheffield,Black Caribbean,4647,590,Unknown
South West,Isles of Scilly,Isles of Scilly,Black Population,4,1,Unknown
West Midlands,Shropshire,Shropshire,Black African,576,73,Unknown
West Midlands,Shropshire,Shropshire,Black Caribbean,300,38,Unknown
South West,Somerset,Mendip,Black Population,320,41,Unknown
South East,Slough,Slough,Black African,7815,993,Unknown
South East,Slough,Slough,Black Caribbean,2771,352,Unknown
South West,Devon,Mid Devon,Black Population,85,11,Unknown
West Midlands,West Midlands,Solihull,Black Caribbean,2033,258,Unknown
West Midlands,West Midlands,Solihull,Black African,1346,171,Unknown
South West,Devon,North Devon,Black Population,259,33,Unknown
South West,Somerset,Somerset West and Taunton,Black African,623,79,Unknown
South West,Somerset,Somerset West and Taunton,Black Caribbean,120,15,Unknown
South West,North Somerset,North Somerset,Black Population,984,125,Unknown
East of England,Cambridgeshire,South Cambridgeshire,Black African,1431,182,Unknown
East of England,Cambridgeshire,South Cambridgeshire,Black Caribbean,341,43,Unknown
South West,Plymouth,Plymouth,Black Population,2482,315,Unknown
East Midlands,Derbyshire,South Derbyshire,Black African,465,59,Unknown
East Midlands,Derbyshire,South Derbyshire,Black Caribbean,294,37,Unknown
South West,Somerset,Sedgemoor,Black Population,339,43,Unknown
South West,South Gloucestershire,South Gloucestershire,Black African,2787,354,Unknown
South West,South Gloucestershire,South Gloucestershire,Black Caribbean,1219,155,Unknown
South West,Somerset,Somerset West and Taunton,Black Population,743,94,Unknown
South West,Devon,South Hams,Black African,71,9,Unknown
South West,Devon,South Hams,Black Caribbean,61,8,Unknown
South West,South Gloucestershire,South Gloucestershire,Black Population,4006,509,Unknown
East Midlands,Lincolnshire,South Holland,Black African,324,41,Unknown
East Midlands,Lincolnshire,South Holland,Black Caribbean,118,15,Unknown
South West,Devon,South Hams,Black Population,132,17,Unknown
East Midlands,Lincolnshire,South Kesteven,Black African,552,70,Unknown
East Midlands,Lincolnshire,South Kesteven,Black Caribbean,222,28,Unknown
South West,Somerset,South Somerset,Black Population,712,90,Unknown
North West,Cumbria,South Lakeland,Black African,120,15,Unknown
North West,Cumbria,South Lakeland,Black Caribbean,102,13,Unknown
South West,Gloucestershire,Stroud,Black Population,443,56,Unknown
East Midlands,Lincolnshire,South Norfolk,Black African,866,110,Unknown
East Midlands,Lincolnshire,South Norfolk,Black Caribbean,163,21,Unknown
South West,Swindon,Swindon,Black Population,5193,660,Unknown
South East,Oxfordshire,South Oxfordshire,Black African,900,114,Unknown
South East,Oxfordshire,South Oxfordshire,Black Caribbean,345,44,Unknown
South West,Devon,Teignbridge,Black Population,187,24,Unknown
North West,Lancashire,South Ribble,Black African,266,34,Unknown
North West,Lancashire,South Ribble,Black Caribbean,209,27,Unknown
South West,Gloucestershire,Tewkesbury,Black Population,492,62,Unknown
South West,Somerset,South Somerset,Black African,555,70,Unknown
South West,Somerset,South Somerset,Black Caribbean,157,20,Unknown
South West,Torbay,Torbay,Black Population,399,51,Unknown
West Midlands,Staffordshire,South Staffordshire,Black Caribbean,547,69,Unknown
West Midlands,Staffordshire,South Staffordshire,Black African,307,39,Unknown
South West,Devon,Torridge,Black Population,62,8,Unknown
North East,Tyne and Wear,South Tyneside,Black African,606,77,Unknown
North East,Tyne and Wear,South Tyneside,Black Caribbean,78,10,Unknown
South West,Devon,West Devon,Black Population,94,12,Unknown
South East,Southampton,Southampton,Black African,5627,715,Unknown
South East,Southampton,Southampton,Black Caribbean,1103,140,Unknown
South West,Wiltshire,Wiltshire,Black Population,4573,581,Unknown
East of England,Southend-on-Sea,Southend-on-Sea,Black African,3590,456,Unknown
East of England,Southend-on-Sea,Southend-on-Sea,Black Caribbean,839,107,Unknown
Wales,Blaenau Gwent,Blaenau Gwent,Black Population,105,13,Unknown
London,Greater London,Southwark,Black African,48320,6137,Unknown
London,Greater London,Southwark,Black Caribbean,18156,2306,Unknown
Wales,Bridgend,Bridgend,Black Population,355,45,Unknown
South East,Surrey,Spelthorne,Black African,1711,217,Unknown
South East,Surrey,Spelthorne,Black Caribbean,583,74,Unknown
Wales,Coerphilly,Coerphilly,Black Population,222,28,Unknown
East of England,Hertfordshire,St Albans,Black African,1821,231,Unknown
East of England,Hertfordshire,St Albans,Black Caribbean,905,115,Unknown
Wales,Cardiff,Cardiff,Black Population,11937,1516,Unknown
North West,Merseyside,St. Helens,Black African,558,71,Unknown
North West,Merseyside,St. Helens,Black Caribbean,103,13,Unknown
Wales,Carmarthenshire,Carmarthenshire,Black Population,386,49,Unknown
West Midlands,Staffordshire,Stafford,Black African,715,91,Unknown
West Midlands,Staffordshire,Stafford,Black Caribbean,510,65,Unknown
Wales,Ceredigion,Ceredigion,Black Population,326,41,Unknown
West Midlands,Staffordshire,Staffordshire Moorlands,Black Caribbean,90,11,Unknown
West Midlands,Staffordshire,Staffordshire Moorlands,Black African,78,10,Unknown
Wales,Conwy,Conwy,Black Population,222,28,Unknown
East of England,Hertfordshire,Stevenage,Black African,2991,380,Unknown
East of England,Hertfordshire,Stevenage,Black Caribbean,799,101,Unknown
Wales,Denbighshire,Denbighshire,Black Population,223,28,Unknown
North West,Greater Manchester,Stockport,Black African,2030,258,Unknown
North West,Greater Manchester,Stockport,Black Caribbean,896,114,Unknown
Wales,Flintshire,Flintshire,Black Population,236,30,Unknown
North East,Stockton-on-Tees,Stockton-on-Tees,Black African,1823,232,Unknown
North East,Stockton-on-Tees,Stockton-on-Tees,Black Caribbean,130,17,Unknown
Wales,Gwynedd,Gwynedd,Black Population,455,58,Unknown
West Midlands,Stoke-on-Trent,Stoke-on-Trent,Black African,5048,641,Unknown
West Midlands,Stoke-on-Trent,Stoke-on-Trent,Black Caribbean,916,116,Unknown
Wales,Isle of Anglesey,Isle of Anglesey,Black Population,85,11,Unknown
West Midlands,Warwickshire,Stratford-on-Avon,Black African,242,31,Unknown
West Midlands,Warwickshire,Stratford-on-Avon,Black Caribbean,180,23,Unknown
Wales,Merthyr Tydfil,Merthyr Tydfil,Black Population,72,9,Unknown
South West,Gloucestershire,Stroud,Black African,257,33,Unknown
South West,Gloucestershire,Stroud,Black Caribbean,186,24,Unknown
Wales,Monmouthshire,Monmouthshire,Black Population,194,25,Unknown
North East,Tyne and Wear,Sunderland,Black African,2304,293,Unknown
North East,Tyne and Wear,Sunderland,Black Caribbean,133,17,Unknown
Wales,Neath Port Talbot,Neath Port Talbot,Black Population,422,54,Unknown
South East,Surrey,Surrey Heath,Black African,953,121,Unknown
South East,Surrey,Surrey Heath,Black Caribbean,292,37,Unknown
Wales,Newport,Newport,Black Population,3240,411,Unknown
London,Greater London,Sutton,Black African,7441,945,Unknown
London,Greater London,Sutton,Black Caribbean,3450,438,Unknown
Wales,Pembrokeshire,Pembrokeshire,Black Population,202,26,Unknown
South East,Kent,Swale,Black African,2541,323,Unknown
South East,Kent,Swale,Black Caribbean,452,57,Unknown
Wales,Powys,Powys,Black Population,170,22,Unknown
Wales,Swansea,Swansea,Black African,2227,283,Unknown
Wales,Swansea,Swansea,Black Caribbean,235,30,Unknown
Wales,Rhondda Cynon Taf,Rhondda Cynon Taf,Black Population,865,110,Unknown
South West,Swindon,Swindon,Black African,4149,527,Unknown
South West,Swindon,Swindon,Black Caribbean,1044,133,Unknown
Wales,Swansea,Swansea,Black Population,2462,313,Unknown
North West,Greater Manchester,Tameside,Black African,4115,523,Unknown
North West,Greater Manchester,Tameside,Black Caribbean,612,78,Unknown
Wales,Torfaen,Torfaen,Black Population,187,24,Unknown
West Midlands,Staffordshire,Tamworth,Black Caribbean,257,33,Unknown
West Midlands,Staffordshire,Tamworth,Black African,151,19,Unknown
Wales,Vale of Glamorgan,Vale of Glamorgan,Black Population,502,64,Unknown
South East,Surrey,Tandridge,Black African,931,118,Unknown
South East,Surrey,Tandridge,Black Caribbean,750,95,Unknown
Wales,Wrexham,Wrexham,Black Population,741,94,Unknown
South West,Devon,Teignbridge,Black African,136,17,Unknown
South West,Devon,Teignbridge,Black Caribbean,51,6,Unknown
West Midlands,Bath and North East Somerset,Bath and North East Somerset,Black Population,1596,203,Unknown
West Midlands,Telford and Wrekin,Telford and Wrekin,Black African,3962,503,Unknown
West Midlands,Telford and Wrekin,Telford and Wrekin,Black Caribbean,748,95,Unknown
West Midlands,West Midlands,Birmingham,Black Population,111540,14166,Unknown
East of England,Essex,Tendring,Black African,454,58,Unknown
East of England,Essex,Tendring,Black Caribbean,323,41,Unknown
West Midlands,Worchestershire,Bromsgrove,Black Population,653,83,Unknown
South East,Hampshire,Test Valley,Black African,974,124,Unknown
South East,Hampshire,Test Valley,Black Caribbean,241,31,Unknown
West Midlands,Staffordshire,Cannock Chase,Black Population,406,52,Unknown
South West,Gloucestershire,Tewkesbury,Black African,341,43,Unknown
South West,Gloucestershire,Tewkesbury,Black Caribbean,151,19,Unknown
West Midlands,West Midlands,Coventry,Black Population,27568,3501,Unknown
South East,Kent,Thanet,Black African,859,109,Unknown
South East,Kent,Thanet,Black Caribbean,453,58,Unknown
West Midlands,West Midlands,Dudley,Black Population,7124,905,Unknown
East of England,Hertfordshire,Three Rivers,Black African,1235,157,Unknown
East of England,Hertfordshire,Three Rivers,Black Caribbean,746,95,Unknown
West Midlands,Staffordshire,East Staffordshire,Black Population,1200,152,Unknown
East of England,Thurrock,Thurrock,Black African,16171,2054,Unknown
East of England,Thurrock,Thurrock,Black Caribbean,2174,276,Unknown
West Midlands,Staffordshire,Lichfield,Black Population,517,66,Unknown
South East,Kent,Tonbridge and Malling,Black African,873,111,Unknown
South East,Kent,Tonbridge and Malling,Black Caribbean,278,35,Unknown
West Midlands,Worchestershire,Malvern Hills,Black Population,230,29,Unknown
South West,Torbay,Torbay,Black African,264,34,Unknown
South West,Torbay,Torbay,Black Caribbean,135,17,Unknown
West Midlands,Staffordshire,Newcastle-under-Lyme,Black Population,1158,147,Unknown
Wales,Torfaen,Torfaen,Black African,118,15,Unknown
Wales,Torfaen,Torfaen,Black Caribbean,69,9,Unknown
West Midlands,Warwickshire,North Warwickshire,Black Population,309,39,Unknown
South West,Devon,Torridge,Black African,31,4,Unknown
South West,Devon,Torridge,Black Caribbean,31,4,Unknown
West Midlands,Warwickshire,Nuneaton and Bedworth,Black Population,2114,268,Unknown
London,Greater London,Tower Hamlets,Black African,15373,1952,Unknown
London,Greater London,Tower Hamlets,Black Caribbean,4930,626,Unknown
West Midlands,Worchestershire,Redditch,Black Population,885,112,Unknown
North West,Greater Manchester,Trafford,Black African,3636,462,Unknown
North West,Greater Manchester,Trafford,Black Caribbean,3442,437,Unknown
West Midlands,Warwickshire,Rugby,Black Population,2690,342,Unknown
South East,Kent,Tunbridge Wells,Black African,828,105,Unknown
South East,Kent,Tunbridge Wells,Black Caribbean,174,22,Unknown
West Midlands,West Midlands,Sandwell,Black Population,25771,3273,Unknown
East of England,Essex,Uttlesford,Black African,377,48,Unknown
East of England,Essex,Uttlesford,Black Caribbean,207,26,Unknown
West Midlands,Shropshire,Shropshire,Black Population,876,111,Unknown
Wales,Vale of Glamorgan,Vale of Glamorgan,Black African,283,36,Unknown
Wales,Vale of Glamorgan,Vale of Glamorgan,Black Caribbean,219,28,Unknown
West Midlands,West Midlands,Solihull,Black Population,3379,429,Unknown
South East,Oxfordshire,Vale of White Horse,Black African,1450,184,Unknown
South East,Oxfordshire,Vale of White Horse,Black Caribbean,503,64,Unknown
West Midlands,Staffordshire,South Staffordshire,Black Population,854,108,Unknown
Yorkshire and the Humber,West Yorkshire,Wakefield,Black African,3589,456,Unknown
Yorkshire and the Humber,West Yorkshire,Wakefield,Black Caribbean,361,46,Unknown
West Midlands,Staffordshire,Stafford,Black Population,1225,156,Unknown
West Midlands,West Midlands,Walsall,Black African,6439,818,Unknown
West Midlands,West Midlands,Walsall,Black Caribbean,4889,621,Unknown
West Midlands,Staffordshire,Staffordshire Moorlands,Black Population,168,21,Unknown
London,Greater London,Waltham Forest,Black African,18759,2382,Unknown
London,Greater London,Waltham Forest,Black Caribbean,17587,2234,Unknown
West Midlands,Stoke-on-Trent,Stoke-on-Trent,Black Population,5964,757,Unknown
London,Greater London,Wandsworth,Black African,17330,2201,Unknown
London,Greater London,Wandsworth,Black Caribbean,11356,1442,Unknown
West Midlands,Warwickshire,Stratford-on-Avon,Black Population,422,54,Unknown
North West,Warrington,Warrington,Black African,1075,137,Unknown
North West,Warrington,Warrington,Black Caribbean,277,35,Unknown
West Midlands,Staffordshire,Tamworth,Black Population,408,52,Unknown
West Midlands,Warwickshire,Warwick,Black African,1000,127,Unknown
West Midlands,Warwickshire,Warwick,Black Caribbean,445,57,Unknown
West Midlands,Telford and Wrekin,Telford and Wrekin,Black Population,4710,598,Unknown
East of England,Hertfordshire,Watford,Black African,3954,502,Unknown
East of England,Hertfordshire,Watford,Black Caribbean,1733,220,Unknown
West Midlands,West Midlands,Walsall,Black Population,11328,1439,Unknown
South East,Surrey,Waverley,Black African,588,75,Unknown
South East,Surrey,Waverley,Black Caribbean,194,25,Unknown
West Midlands,Warwickshire,Warwick,Black Population,1445,184,Unknown
South East,East Sussex,Wealden,Black African,371,47,Unknown
South East,East Sussex,Wealden,Black Caribbean,196,25,Unknown
West Midlands,West Midlands,Wolverhampton,Black Population,21063,2675,Unknown
East of England,Hertfordshire,Welwyn Hatfield,Black African,5553,705,Unknown
East of England,Hertfordshire,Welwyn Hatfield,Black Caribbean,1069,136,Unknown
West Midlands,Worchestershire,Worcester,Black Population,1077,137,Unknown
South East,West Berkshire,West Berkshire,Black African,1095,139,Unknown
South East,West Berkshire,West Berkshire,Black Caribbean,627,80,Unknown
West Midlands,Worchestershire,Wychavon,Black Population,384,49,Unknown
South West,Devon,West Devon,Black African,68,9,Unknown
South West,Devon,West Devon,Black Caribbean,26,3,Unknown
West Midlands,Worchestershire,Wyre Forest,Black Population,328,42,Unknown
North West,Lancashire,West Lancashire,Black African,245,31,Unknown
North West,Lancashire,West Lancashire,Black Caribbean,100,13,Unknown
Yorkshire and the Humber,South Yorkshire,Barnsley,Black Population,1474,187,Unknown
East Midlands,Lincolnshire,West Lindsey,Black African,183,23,Unknown
East Midlands,Lincolnshire,West Lindsey,Black Caribbean,106,13,Unknown
Yorkshire and the Humber,West Yorkshire,Bradford,Black Population,9675,1229,Unknown
East Midlands,West Northamptonshire,West Northamptonshire,Black African,14304,1817,Unknown
East Midlands,West Northamptonshire,West Northamptonshire,Black Caribbean,3647,463,Unknown
Yorkshire and the Humber,West Yorkshire,Calderdale,Black Population,1247,158,Unknown
South East,Oxfordshire,West Oxfordshire,Black African,475,60,Unknown
South East,Oxfordshire,West Oxfordshire,Black Caribbean,160,20,Unknown
Yorkshire and the Humber,North Yorkshire,Craven,Black Population,69,9,Unknown
East of England,Suffolk,West Suffolk,Black African,1312,167,Unknown
East of England,Suffolk,West Suffolk,Black Caribbean,561,71,Unknown
Yorkshire and the Humber,South Yorkshire,Doncaster,Black Population,3199,406,Unknown
London,Greater London,Westminster,Black African,10451,1327,Unknown
London,Greater London,Westminster,Black Caribbean,4307,547,Unknown
Yorkshire and the Humber,East Riding of Yorkshire,East Riding of Yorkshire,Black Population,790,100,Unknown
North West,Greater Manchester,Wigan,Black African,3081,391,Unknown
North West,Greater Manchester,Wigan,Black Caribbean,331,42,Unknown
Yorkshire and the Humber,North Yorkshire,Hambleton,Black Population,178,23,Unknown
South West,Wiltshire,Wiltshire,Black African,2984,379,Unknown
South West,Wiltshire,Wiltshire,Black Caribbean,1589,202,Unknown
Yorkshire and the Humber,North Yorkshire,Harrogate,Black Population,899,114,Unknown
East of England,Hampshire,Winchester,Black African,499,63,Unknown
East of England,Hampshire,Winchester,Black Caribbean,199,25,Unknown
Yorkshire and the Humber,Kingston upon Hull,"Kingston upon Hull, City of",Black Population,4524,575,Unknown
South East,Windsor and Maidenhead,Windsor and Maidenhead,Black African,1433,182,Unknown
South East,Windsor and Maidenhead,Windsor and Maidenhead,Black Caribbean,628,80,Unknown
Yorkshire and the Humber,West Yorkshire,Kirklees,Black Population,8504,1080,Unknown
North West,Merseyside,Wirral,Black African,854,108,Unknown
North West,Merseyside,Wirral,Black Caribbean,330,42,Unknown
Yorkshire and the Humber,West Yorkshire,Leeds,Black Population,40100,5093,Unknown
South East,Surrey,Woking,Black African,1331,169,Unknown
South East,Surrey,Woking,Black Caribbean,323,41,Unknown
Yorkshire and the Humber,North East Lincolnshire,North East Lincolnshire,Black Population,742,94,Unknown
South East,Wokingham,Wokingham,Black African,2914,370,Unknown
South East,Wokingham,Wokingham,Black Caribbean,864,110,Unknown
Yorkshire and the Humber,North Lincolnshire,North Lincolnshire,Black Population,748,95,Unknown
West Midlands,West Midlands,Wolverhampton,Black African,11158,1417,Unknown
West Midlands,West Midlands,Wolverhampton,Black Caribbean,9905,1258,Unknown
Yorkshire and the Humber,North Yorkshire,Richmondshire,Black Population,299,38,Unknown
West Midlands,Worchestershire,Worcester,Black African,836,106,Unknown
West Midlands,Worchestershire,Worcester,Black Caribbean,241,31,Unknown
Yorkshire and the Humber,South Yorkshire,Rotherham,Black Population,2596,330,Unknown
South East,West Sussex,Worthing,Black African,893,113,Unknown
South East,West Sussex,Worthing,Black Caribbean,250,32,Unknown
Yorkshire and the Humber,North Yorkshire,Ryedale,Black Population,81,10,Unknown
Wales,Wrexham,Wrexham,Black African,654,83,Unknown
Wales,Wrexham,Wrexham,Black Caribbean,87,11,Unknown
Yorkshire and the Humber,North Yorkshire,Scarborough,Black Population,312,40,Unknown
West Midlands,Worchestershire,Wychavon,Black African,192,24,Unknown
West Midlands,Worchestershire,Wychavon,Black Caribbean,192,24,Unknown
Yorkshire and the Humber,North Yorkshire,Selby,Black Population,192,24,Unknown
North West,Lancashire,Wyre,Black African,167,21,Unknown
North West,Lancashire,Wyre,Black Caribbean,69,9,Unknown
Yorkshire and the Humber,South Yorkshire,Sheffield,Black Population,22884,2906,Unknown
West Midlands,Worchestershire,Wyre Forest,Black Caribbean,169,21,Unknown
West Midlands,Worchestershire,Wyre Forest,Black African,159,20,Unknown
Yorkshire and the Humber,West Yorkshire,Wakefield,Black Population,3950,502,Unknown
Yorkshire and the Humber,York,York,Black African,978,124,Unknown
Yorkshire and the Humber,York,York,Black Caribbean,208,26,Unknown
Yorkshire and the Humber,York,York,Black Population,1186,151,Unknown
Northeast,Aberdeenshire,Aberdeen City Council,Black Population,"9,419",1196,Unknown
Northeast,Aberdeenshire,Aberdeenshire Council,Black Population,1568,199,Unknown
Eastern,Angus,Angus Council,Black Population,243,30,Unknown
Western,Argull and Bute,Argyll and Bute Council,Black Population,236,29,Unknown
Central Scotland,Clackmannanshire,Clackmannanshire Council,Black Population,202,25,Unknown
Northern,Inverness-shire,Comhairle nan Eilean Siar (Western Isles Council),Black Population,35,4,Unknown
Southern,Dumfriesshire,Dumfries and Galloway Council,Black Population,138,17,Unknown
Eastern,Angus,Dundee City Council,Black Population,2277,289,Unknown
Southwest,Ayrshire,East Ayrshire Council,Black Population,329,41,Unknown
Central Scotland,Dunbartonshire,East Dunbartonshire Council,Black Population,475,60,Unknown
Southeast,East Lothian,East Lothian Council,Black Population,414,52,Unknown
Central Scotland,Rebfrewshire,East Renfrewshire Council,Black Population,507,64,Unknown
Southeast,Mid Lothian,City of Edinburgh Council,Black Population,"10,881",3622,Unknown
Central Scotland,West Lothian,Falkirk Council,Black Population,711,90,Unknown
Eastern,Fife,Fife Council,Black Population,1671,212,Unknown
Western,Lanarkshire,Glasgow City Council,Black Population,"23,743",4381,Unknown
Northern,Inverness-shire,Highland Council,Black Population,626,79,Unknown
Western,Rebfrewshire,Inverclyde Council,Black Population,265,33,Unknown
Southeast,Mid Lothian,Midlothian Council,Black Population,569,72,Unknown
Northeast,Morayshire,Moray Council,Black Population,267,33,Unknown
Southwest,Ayrshire,North Ayrshire Council,Black Population,304,38,Unknown
Central Scotland,Lanarkshire,North Lanarkshire Council,Black Population,2089,265,Unknown
Northern,Orkney,Orkney Islands Council,Black Population,42,5,Unknown
Central Scotland,Perthshire and Kinross-shire.,Perth and Kinross Council,Black Population,521,66,Unknown
Western,Refrewshire,Renfrewshire Council,Black Population,2353,298,Unknown
Southern,"Berwickshire, Peeblesshire, Roxburghshire, Selkirkshire",Scottish Borders Council,Black Population,249,31,Unknown
Northern,Shetland,Shetland Islands Council,Black Population,49,6,Unknown
Southwest,Ayrshire,South Ayrshire Council,Black Population,207,26,Unknown
Central Scotland,Lanarkshire,South Lanarkshire Council,Black Population,2029,257,Unknown
Central Scotland,Stirlingshire,Stirling Council,Black Population,580,73,Unknown
Western,Dunbartonshire,West Dunbartonshire Council,Black Population,578,73,Unknown
Southeast,West Lothian,West Lothian Council,Black Population,1602,203,Unknown
